Source_ID,County,Food_Shelf_Name,City,Address,Phone,Website,Service_Type,Latitude,Longitude,Source_URL,Retrieved_On,County_Method,Status
20974,Aitkin,First Lutheran Church Community Food Shelf,Aitkin,"107 2nd St SE, Aitkin, MN 56431, USA",218-927-2028,https://www.flc-aitkin.com/community-food-shelf,Food Shelf,46.527903,-93.7051396,https://www.hungersolutions.org/find-help/?fwp_categories=food-shelves&fwp_paged=7,2026-09-01,Directory coordinates within county boundary,Listed; operation not independently confirmed
10008,Aitkin,Hill City Area Food Shelf,Hill City,"113 Ione Ave NE, Hill City, MN 55748, USA",218 392-7730,,Food Shelf,46.9934906,-93.5967829,https://www.hungersolutions.org/find-help/?fwp_categories=food-shelves&fwp_paged=11,2026-09-01,Directory coordinates within county boundary,Listed; operation not independently confirmed
10026,Aitkin,Jacobson Food Shelf,Jacobson,"19942 650th Lane, Jacobson, MN 55752",218-244-2236,,Food Shelf,46.930586,-93.216676,https://www.hungersolutions.org/find-help/?fwp_categories=food-shelves&fwp_paged=13,2026-09-01,Directory coordinates within county boundary,Listed; operation not independently confirmed
10068,Aitkin,McGregor Area Food Shelf,McGregor,"181 North Maddy Street, McGregor, MN 55760, USA",218-448-2701,https://www.mcgregorareafoodshelf.org/,Food Shelf,46.6083418,-93.3117851,https://www.hungersolutions.org/find-help/?fwp_categories=food-shelves&fwp_paged=15,2026-09-01,Directory coordinates within county boundary,Listed; operation not independently confirmed
20795,Aitkin,Second Harvest Northland: Aitkin County,Palisade,"106 7th Ave Palisade, MN",(218) 336-2312,https://northernlakesfoodbank.org/find-food/mobile-food-pantry-program/,Food Shelf,46.7132862,-93.4885687,https://www.hungersolutions.org/find-help/?fwp_categories=food-shelves&fwp_paged=22,2026-09-01,Directory coordinates within county boundary,Listed; operation not independently confirmed
9863,Anoka,ACBC Food Shelf,Anoka,"2615 9th Ave North, Anoka, MN 55303",763-422-0046,http://www.acbcfoodshelf.com/,Food Shelf,45.2054609,-93.3735001,https://www.hungersolutions.org/find-help/?fwp_categories=food-shelves&fwp_paged=1,2026-09-01,Directory coordinates within county boundary,Listed; operation not independently confirmed
9910,Anoka,Centennial Community Food Shelf,Circle Pines,"200 Civic Heights Circle, Circle Pines, MN 55014, USA",763-784-2013,http://www.centennialfoodshelf.org/,Food Shelf,45.1437666,-93.1549175,https://www.hungersolutions.org/find-help/?fwp_categories=food-shelves&fwp_paged=4,2026-09-01,Directory coordinates within county boundary,Listed; operation not independently confirmed
14767,Anoka,Coon Rapids United Methodist Church- Matthew 25 Free Food Distribution,Coon Rapids,"10560 Hanson Blvd NW, Coon Rapids, MN 55433, USA",763-755-6990,https://www.facebook.com/SpiritofMatthew25,Food Shelf,45.162413,-93.3182731,https://www.hungersolutions.org/find-help/?fwp_categories=food-shelves&fwp_paged=5,2026-09-01,Directory coordinates within county boundary,Listed; operation not independently confirmed
9986,Anoka,Grace Evangelical Free Church,Fridley,"755 73rd Ave NE, Fridley, MN 55432",763-784-7199,https://gracefree.org/food-distribution,Food Shelf,45.101325,-93.252621,https://www.hungersolutions.org/find-help/?fwp_categories=food-shelves&fwp_paged=10,2026-09-01,Directory coordinates within county boundary,Listed; operation not independently confirmed
20782,Anoka,Hope for the Community- Anoka Ramsey Community College,Coon Rapids,"11200 Mississippi Blvd NW, Coon Rapids, MN 55433, USA",763-757-4266,https://hopeforthecommunity.com/,Food Shelf,45.1725776,-93.3523965,https://www.hungersolutions.org/find-help/?fwp_categories=food-shelves&fwp_paged=12,2026-09-01,Directory coordinates within county boundary,Listed; operation not independently confirmed
20816,Anoka,Hope for the Community- Anoka Technical College,Anoka,"1355 Highway 10 Northwest, Anoka, MN, USA",763-757-4266,https://hopeforthecommunity.com/,Food Shelf,45.2165969,-93.4170432,https://www.hungersolutions.org/find-help/?fwp_categories=food-shelves&fwp_paged=12,2026-09-01,Directory coordinates within county boundary,Listed; operation not independently confirmed
10012,Anoka,Hope for the Community- Blaine,Blaine,"1264 109th Ave NE, Blaine, MN 55434",763-757-4266,https://hopeforthecommunity.com/,Food Shelf,45.168118,-93.239093,https://www.hungersolutions.org/find-help/?fwp_categories=food-shelves&fwp_paged=12,2026-09-01,Directory coordinates within county boundary,Listed; operation not independently confirmed
20848,Anoka,Hope for the Community- Coon Rapids Middle School,Coon Rapids,"11600 Raven St NW, Coon Rapids, MN 55433, USA",,https://hopeforthecommunity.com/,Food Shelf,45.180748,-93.3239458,https://www.hungersolutions.org/find-help/?fwp_categories=food-shelves&fwp_paged=12,2026-09-01,Directory coordinates within county boundary,Listed; operation not independently confirmed
20849,Anoka,Hope for the Community- Hope 4 Youth,Anoka,"2665 4th Avenue North Suite 40 Anoka, MN 55303",,https://hopeforthecommunity.com/,Food Shelf,45.1977428,-93.3871758,https://www.hungersolutions.org/find-help/?fwp_categories=food-shelves&fwp_paged=12,2026-09-01,Directory coordinates within county boundary,Listed; operation not independently confirmed
20375,Anoka,MAS MN Blaine Food Shelf,Blaine,"12175 Aberdeen St NE, Blaine, MN 55449, USA",,https://masmn.org/social-services/,Food Shelf,45.1913367,-93.2324431,https://www.hungersolutions.org/find-help/?fwp_categories=food-shelves&fwp_paged=15,2026-09-01,Directory coordinates within county boundary,Listed; operation not independently confirmed
20009,Anoka,Manna Market FCC – Food Distribution Center,Fridley,"6390 University Ave NE, Fridley, MN 55432, USA",763) 571-1657,https://www.fridleycov.org/,Food Shelf,45.0841148,-93.2643514,https://www.hungersolutions.org/find-help/?fwp_categories=food-shelves&fwp_paged=15,2026-09-01,Directory coordinates within county boundary,Listed; operation not independently confirmed
20824,Anoka,Manna Market Substance,Spring Lake Park,"8299 Central Ave NE, Spring Lake Park, MN, USA",763-205-1035,https://mannamarketmn.org/,Food Shelf,45.1182803,-93.2364664,https://www.hungersolutions.org/find-help/?fwp_categories=food-shelves&fwp_paged=15,2026-09-01,Directory coordinates within county boundary,Listed; operation not independently confirmed
13560,Anoka,Manna Market – Linwood Covenant Church,Wyoming,"6565 Viking Blvd NE, Wyoming, MN 55092, USA",651-238-7677,http://linwoodcovenant.org/home,Food Shelf,45.3662414,-93.1026129,https://www.hungersolutions.org/find-help/?fwp_categories=food-shelves&fwp_paged=14,2026-09-01,Directory coordinates within county boundary,Listed; operation not independently confirmed
10101,Anoka,North Anoka County Emergency (NACE) Food Shelf,East Bethel,"18511 Highway 65 NE, East Bethel, MN 55011",763-434-7685,https://nacefoodshelf.org/,Food Shelf,45.3055049,-93.233205,https://www.hungersolutions.org/find-help/?fwp_categories=food-shelves&fwp_paged=17,2026-09-01,Directory coordinates within county boundary,Listed; operation not independently confirmed
10153,Anoka,SACA Food Shelf,Columbia Heights,"627 38th Ave NE, Columbia Heights, MN 55421",763-789-2444,http://www.sacafoodshelf.org/,Food Shelf,45.036448,-93.255388,https://www.hungersolutions.org/find-help/?fwp_categories=food-shelves&fwp_paged=21,2026-09-01,Directory coordinates within county boundary,Listed; operation not independently confirmed
13116,Anoka,Salvation Army Anoka County,Blaine,"1201 89th Ave NE Suite 130, Blaine, MN, 55113",763-755-6873,https://centralusa.salvationarmy.org/northern/social-services-office-anoka/,Food Shelf,45.1329532,-93.2395929,https://www.hungersolutions.org/find-help/?fwp_categories=food-shelves&fwp_paged=21,2026-09-01,Directory coordinates within county boundary,Listed; operation not independently confirmed
20635,Anoka,The Harbor Food Shelf at Faith Lutheran,Coon Rapids,"11115 Hanson Blvd NW, Coon Rapids, MN 55433, USA",763-755-3530,https://www.faithlutherancr.org/the-harbor,Food Shelf,45.1725712,-93.3162658,https://www.hungersolutions.org/find-help/?fwp_categories=food-shelves&fwp_paged=25,2026-09-01,Directory coordinates within county boundary,Listed; operation not independently confirmed
13536,Anoka,Trinity Lutheran Church and School Manna Market,St Francis,"3812 229th Ave NW, St Francis, MN 55070, USA",763-753-1234,https://trinitysf.org/ministries/manna-market/,Food Shelf,45.3840306,-93.363074,https://www.hungersolutions.org/find-help/?fwp_categories=food-shelves&fwp_paged=26,2026-09-01,Directory coordinates within county boundary,Listed; operation not independently confirmed
9877,Becker,Becker County Food Pantry,Detroit Lakes,"610 Terry Street, Detroit Lakes, MN 56501, USA",218-846-0142,https://www.facebook.com/pages/category/Nonprofit-Organization/Becker-County-Food-Pantry-645405822231557/,Food Shelf,46.8331286,-95.8366526,https://www.hungersolutions.org/find-help/?fwp_categories=food-shelves&fwp_paged=2,2026-09-01,Directory coordinates within county boundary,Listed; operation not independently confirmed
10200,Beltrami,Ashange Wigamig,Red Lake,"St Marys Mission School, Red Lake, MN 56671, USA",218) 679-3615,https://www.freefood.org/l/saint-marys-mission-food-shelf,Food Shelf,47.8739206,-95.0307579,https://www.hungersolutions.org/find-help/?fwp_categories=food-shelves&fwp_paged=1,2026-09-01,Directory coordinates within county boundary,Listed; operation not independently confirmed
9880,Beltrami,Bemidji Community Food Shelf,Bemidji,"1260 Exchange Ave SE, Bemidji, MN, USA",(218)-444-6580,https://bcfsmn.org/,Food Shelf,47.447493,-94.8593432,https://www.hungersolutions.org/find-help/?fwp_categories=food-shelves&fwp_paged=2,2026-09-01,Directory coordinates within county boundary,Listed; operation not independently confirmed
21517,Beltrami,Blackduck Area Food Shelf,Blackduck,"241 Oscar Ave, Blackduck, MN, USA",218-766-3081,,Food Shelf,47.7275482,-94.5563026,https://www.hungersolutions.org/find-help/?fwp_categories=food-shelves&fwp_paged=2,2026-09-01,Directory coordinates within county boundary,Listed; operation not independently confirmed
21167,Beltrami,Evergreen Youth and Family Services Food Shelf,Bemidji,"610 Patriot Drive Northwest, Bemidji, MN, USA",218-751-8223,https://www.evergreenyfs.org/dropin,Food Shelf,47.5068077,-94.8868286,https://www.hungersolutions.org/find-help/?fwp_categories=food-shelves&fwp_paged=6,2026-09-01,Directory coordinates within county boundary,Listed; operation not independently confirmed
21203,Beltrami,Kelliher Area Food Shelf,Kelliher,"147 Main St W, Kelliher, MN 56650, USA",218-214-9066,,Food Shelf,47.942047,-94.449276,https://www.hungersolutions.org/find-help/?fwp_categories=food-shelves&fwp_paged=13,2026-09-01,Directory coordinates within county boundary,Listed; operation not independently confirmed
21283,Beltrami,Northwest Indian Community Development Center,Bemidji,"1819 Bemidji Ave N, Bemidji, MN 56601, USA",218-759-2022,http://www.nwicdc.org/,Food Shelf,47.4869328,-94.8801634,https://www.hungersolutions.org/find-help/?fwp_categories=food-shelves&fwp_paged=18,2026-09-01,Directory coordinates within county boundary,Listed; operation not independently confirmed
9905,Benton,Catholic Charities Mobile Food Shelf – Riverside Apartments,St. Cloud,"101 Riverside Drive SE, St. Cloud, MN 56304",,,Food Shelf,45.56326,-94.152197,https://www.hungersolutions.org/find-help/?fwp_categories=food-shelves&fwp_paged=4,2026-09-01,Directory coordinates within county boundary,Listed; operation not independently confirmed
9906,Benton,Catholic Charities Mobile Food Shelf – Russell Arms,Sauk Rapids,"315 Division Street, Sauk Rapids, MN 56380",320-229-4560,,Food Shelf,45.59132,-94.164125,https://www.hungersolutions.org/find-help/?fwp_categories=food-shelves&fwp_paged=4,2026-09-01,Directory coordinates within county boundary,Listed; operation not independently confirmed
9907,Benton,Catholic Charities Mobile Food Shelf – Wilson Apartments,St. Cloud,"41 3rd Ave NE, St. Cloud, MN 56304",320-229-4560,,Food Shelf,45.565229,-94.154076,https://www.hungersolutions.org/find-help/?fwp_categories=food-shelves&fwp_paged=4,2026-09-01,Directory coordinates within county boundary,Listed; operation not independently confirmed
15760,Benton,Living Waters Food Shelf,Sauk Rapids,"1911 4th Ave N, Sauk Rapids, MN, USA",320-255-1135,http://www.lwlcmn.org/food-shelf/,Food Shelf,45.6113202,-94.1777586,https://www.hungersolutions.org/find-help/?fwp_categories=food-shelves&fwp_paged=14,2026-09-01,Directory coordinates within county boundary,Listed; operation not independently confirmed
10173,Benton,Salvation Army St. Cloud,St. Cloud,"400 Highway 10 S, St. Cloud, MN 56304",320-252-4552,https://centralusa.salvationarmy.org/northern/StCloud/,Food Shelf,45.564306,-94.153292,https://www.hungersolutions.org/find-help/?fwp_categories=food-shelves&fwp_paged=22,2026-09-01,Directory coordinates within county boundary,Listed; operation not independently confirmed
15783,Big Stone,Prairie Five/Big Stone Lake Area Food Shelf,Ortonville,"125 2nd Street Northwest, Ortonville, MN 56278, USA",320-839-2111,https://prairiefive.org/programs/food-programs/,Food Shelf,45.3054437,-96.4459782,https://www.hungersolutions.org/find-help/?fwp_categories=food-shelves&fwp_paged=19,2026-09-01,Directory coordinates within county boundary,Listed; operation not independently confirmed
17782,Big Stone,Prairie Five/Graceville Satellite Food Shelf,Graceville,"Holy Rosary Church, Studdart Ave, Graceville, MN 56240, USA",320-839-2772,https://prairiefive.org/programs/food-programs/,Food Shelf,45.5678054,-96.4376653,https://www.hungersolutions.org/find-help/?fwp_categories=food-shelves&fwp_paged=19,2026-09-01,Directory coordinates within county boundary,Listed; operation not independently confirmed
13462,Blue Earth,Campus Cupboard: Lutheran Campus Ministry-Crossroads,Mankato,"331 Dillon Ave, Mankato, MN 56001, USA",507) 625-6779,https://crossroadsatmnsu.org/,Food Shelf,44.1485718,-93.9966331,https://www.hungersolutions.org/find-help/?fwp_categories=food-shelves&fwp_paged=3,2026-09-01,Directory coordinates within county boundary,Listed; operation not independently confirmed
9946,Blue Earth,ECHO Food Shelf,Mankato,"1014 South Front Street, Mankato, MN 56001",(507) 345-7477,https://www.echofoodshelf.org/,Food Shelf,44.17163,-93.996797,https://www.hungersolutions.org/find-help/?fwp_categories=food-shelves&fwp_paged=6,2026-09-01,Directory coordinates within county boundary,Listed; operation not independently confirmed
18958,Blue Earth,Maverick Food Pantry at Minnesota State University Mankato,Mankato,"142 Carkoski Commons, Mankato, MN 5600",507-389-1557,https://www.mnsu.edu/university-life/campus-services/maverick-food-pantry/,Food Shelf,44.149435,-94.0010787,https://www.hungersolutions.org/find-help/?fwp_categories=food-shelves&fwp_paged=15,2026-09-01,Directory coordinates within county boundary,Listed; operation not independently confirmed
10168,Blue Earth,Salvation Army Mankato,Mankato,"700 S Riverfront Drive, Mankato, MN 56001",507-345-7840,,Food Shelf,44.162421,-94.009446,https://www.hungersolutions.org/find-help/?fwp_categories=food-shelves&fwp_paged=21,2026-09-01,Directory coordinates within county boundary,Listed; operation not independently confirmed
10097,Brown,New Ulm Area Emergency Food Shelf,New Ulm,"1305 S Valley Street, New Ulm, MN 56073",507) 354-7668,https://newulmfoodshelf.com/,Food Shelf,44.3023128,-94.4421272,https://www.hungersolutions.org/find-help/?fwp_categories=food-shelves&fwp_paged=17,2026-09-01,Directory coordinates within county boundary,Listed; operation not independently confirmed
10187,Brown,Sleepy Eye Area Food Shelf,Sleepy Eye,"115 2nd Ave NE, Sleepy Eye, MN 56085, USA",507-794-4478,https://www.facebook.com/people/Sleepy-Eye-Food-Shelf/100057475028644/,Food Shelf,44.2975653,-94.7211667,https://www.hungersolutions.org/find-help/?fwp_categories=food-shelves&fwp_paged=23,2026-09-01,Directory coordinates within county boundary,Listed; operation not independently confirmed
10195,Brown,Springfield Area Food Shelf,Springfield,"625 North Jackson Avenue, Springfield, MN, USA(suite F)",507-723-3663,https://www.springfieldfoodshelf.com/,Food Shelf,44.2464842,-94.9710659,https://www.hungersolutions.org/find-help/?fwp_categories=food-shelves&fwp_paged=24,2026-09-01,Directory coordinates within county boundary,Listed; operation not independently confirmed
13483,Carlton,Fond du Lac Social Services Community Food Shelf,Cloquet,"927 Trettel Ln, Cloquet, MN 55720, USA",218-878-2145,,Food Shelf,46.7136079,-92.4923565,https://www.hungersolutions.org/find-help/?fwp_categories=food-shelves&fwp_paged=7,2026-09-01,Directory coordinates within county boundary,Listed; operation not independently confirmed
10081,Carlton,Moose Lake Area Food Shelf,Moose Lake,"308 Elm Ave, Moose Lake, MN 55767",218-380-7774,https://www.facebook.com/Moose-Lake-Food-Shelf-299938473720425/,Food Shelf,46.452979,-92.761841,https://www.hungersolutions.org/find-help/?fwp_categories=food-shelves&fwp_paged=16,2026-09-01,Directory coordinates within county boundary,Listed; operation not independently confirmed
20893,Carlton,Second Harvest Northland: Carlton County,Cloquet,"615 12th Street, Cloquet, MN, USA",,https://northernlakesfoodbank.org/find-food/mobile-food-pantry-program/,Food Shelf,46.7128095,-92.4522701,https://www.hungersolutions.org/find-help/?fwp_categories=food-shelves&fwp_paged=22,2026-09-01,Directory coordinates within county boundary,Listed; operation not independently confirmed
10158,Carlton,The Salvation Army – Cloquet Food Shelf,Cloquet,"316 Carlton Ave, Cloquet, MN 55720",218-879-1693,https://centralusa.salvationarmy.org/northern/northern-minnesota-service-extension/,Food Shelf,46.717725,-92.460218,https://www.hungersolutions.org/find-help/?fwp_categories=food-shelves&fwp_paged=25,2026-09-01,Directory coordinates within county boundary,Listed; operation not independently confirmed
10222,Carlton,Tri-Community Food Shelf,Cromwell,"5597 Highway 210, Cromwell, MN 55726",218-426-4067,https://www.facebook.com/TriCommunityFoodShelf/,Food Shelf,46.670613,-93.002862,https://www.hungersolutions.org/find-help/?fwp_categories=food-shelves&fwp_paged=26,2026-09-01,Directory coordinates within county boundary,Listed; operation not independently confirmed
9883,Carver,Bountiful Basket Food Shelf – Chaska,Chaska,"1600 Bavaria Road, Chaska, MN 55318",952-556-0244,https://bountifulbasketfoodshelf.org/services/,Food Shelf,44.8069321,-93.6124638,https://www.hungersolutions.org/find-help/?fwp_categories=food-shelves&fwp_paged=2,2026-09-01,Directory coordinates within county boundary,Listed; operation not independently confirmed
19542,Carver,Bountiful Basket Food Shelf – Cologne,Cologne,"300 Church St E, Cologne, MN 55322, USA",952-988-2802,https://bountifulbasketfoodshelf.org/,Food Shelf,44.7741942,-93.7798831,https://www.hungersolutions.org/find-help/?fwp_categories=food-shelves&fwp_paged=2,2026-09-01,Directory coordinates within county boundary,Listed; operation not independently confirmed
9977,Carver,Gather and Grow Food Shelf & Connection Center (formerly Friends For Life) – Watertown,Watertown,"309 Lewis Ave S, Watertown, MN, USA",952-955-1980,https://gatherandgrowmn.org/,Food Shelf,44.9614536,-93.8495511,https://www.hungersolutions.org/find-help/?fwp_categories=food-shelves&fwp_paged=10,2026-09-01,Directory coordinates within county boundary,Listed; operation not independently confirmed
10238,Carver,Gather and Grow Food Shelf & Connection Center – Waconia,Waconia,"11 S Elm Street, Waconia, MN 55387",952-442-3878,https://gatherandgrowmn.org/,Food Shelf,44.850321,-93.786074,https://www.hungersolutions.org/find-help/?fwp_categories=food-shelves&fwp_paged=10,2026-09-01,Directory coordinates within county boundary,Listed; operation not independently confirmed
17597,Carver,Southwest Carver County Food Shelf,Young America,"10 Northeast 1st Avenue, Norwood Young America, Young America, MN 55397, USA",(952) 467-1870,https://www.southwestcarvercountyfoodshelf.com/,Food Shelf,44.783617,-93.914844,https://www.hungersolutions.org/find-help/?fwp_categories=food-shelves&fwp_paged=24,2026-09-01,Directory coordinates within county boundary,Listed; operation not independently confirmed
9898,Cass,Cass Lake Area Food Shelf,Cass Lake,"16051 65th Ave NW, Cass Lake, MN 56633, USA",218-987-3000,https://www.clafs.org/,Food Shelf,47.3830192,-94.629785,https://www.hungersolutions.org/find-help/?fwp_categories=food-shelves&fwp_paged=3,2026-09-01,Directory coordinates within county boundary,Listed; operation not independently confirmed
9970,Cass,Father’s Hearts and Hands/Remer Food Shelf,Remer,"7123 Highway 6 NE, Remer, MN 56672",218-566-3663,,Food Shelf,47.0619038,-93.8992926,https://www.hungersolutions.org/find-help/?fwp_categories=food-shelves&fwp_paged=7,2026-09-01,Directory coordinates within county boundary,Listed; operation not independently confirmed
21018,Cass,Federal Dam Pantry,Federal Dam,"36 2nd Ave, Federal Dam, MN, USA",218-326-4420,,Food Shelf,47.2461659,-94.2169118,https://www.hungersolutions.org/find-help/?fwp_categories=food-shelves&fwp_paged=7,2026-09-01,Directory coordinates within county boundary,Listed; operation not independently confirmed
9996,Cass,Hackensack Area Food Shelf,Hackensack,"208 State Highway 371, Hackensack, MN 56452, USA",218-675-5862,,Food Shelf,46.9289187,-94.5207189,https://www.hungersolutions.org/find-help/?fwp_categories=food-shelves&fwp_paged=10,2026-09-01,Directory coordinates within county boundary,Listed; operation not independently confirmed
10058,Cass,Longville Area Food Shelf,Longville,"5070 State Hwy. 84 NE   Longville, MN.  56655",218-363-3348,https://longvillefoodshelf.com/,Food Shelf,46.9881386,-94.2096942,https://www.hungersolutions.org/find-help/?fwp_categories=food-shelves&fwp_paged=14,2026-09-01,Directory coordinates within county boundary,Listed; operation not independently confirmed
10115,Cass,Outing Food Shelf,Outing,"Town Hall, Outing, MN 56662",218-792-5315,,Food Shelf,46.850815,-94.002726,https://www.hungersolutions.org/find-help/?fwp_categories=food-shelves&fwp_paged=18,2026-09-01,Directory coordinates within county boundary,Listed; operation not independently confirmed
10122,Cass,Pillager Food Shelf,Pillager,"305 Fir Ave W, Pillager, MN 56473, USA",218-746-4009,https://www.pillagerfamilycenter.org/Programs,Food Shelf,46.3273377,-94.4786459,https://www.hungersolutions.org/find-help/?fwp_categories=food-shelves&fwp_paged=19,2026-09-01,Directory coordinates within county boundary,Listed; operation not independently confirmed
10125,Cass,Pine River Area Food Shelf,Pine River,"245 Barclay Ave (located at the Pine River-Backus Family Center), Pine River, MN 56474",218-587-4292,https://www.prbfamilycenter.org/food-shelf,Food Shelf,46.7190544,-94.4031048,https://www.hungersolutions.org/find-help/?fwp_categories=food-shelves&fwp_paged=19,2026-09-01,Directory coordinates within county boundary,Listed; operation not independently confirmed
20826,Cass,Second Harvest Northland: Backus Mobile,Backus,"210 1st Ave, Backus, MN, USA",218-326-4420,https://secondharvestnorthland.org/,Food Shelf,46.8244247,-94.5142989,https://www.hungersolutions.org/find-help/?fwp_categories=food-shelves&fwp_paged=22,2026-09-01,Directory coordinates within county boundary,Listed; operation not independently confirmed
10240,Cass,Walker Area Food Shelf,Walker,"8243 Industrial Park Rd NW, Walker, MN 56484",218-547-1713,http://walkerfoodshelf.com/,Food Shelf,47.10189829999999,-94.60452650000002,https://www.hungersolutions.org/find-help/?fwp_categories=food-shelves&fwp_paged=27,2026-09-01,Directory coordinates within county boundary,Listed; operation not independently confirmed
9916,Chippewa,Chippewa County Food Shelf,Montevideo,"719 N 7th Street, Montevideo, MN 56265",320-269-6578,https://prairiefive.org/programs/food-programs/,Food Shelf,44.951955,-95.71785,https://www.hungersolutions.org/find-help/?fwp_categories=food-shelves&fwp_paged=4,2026-09-01,Directory coordinates within county boundary,Listed; operation not independently confirmed
18716,Chippewa,Clara City Satellite Food Shelf,Clara City,"Bethany Reformed Church, Main Street North, Clara City, MN, USA",320-847-3322,https://prairiefive.org/programs/food-programs/,Food Shelf,44.9572775,-95.3680648,https://www.hungersolutions.org/find-help/?fwp_categories=food-shelves&fwp_paged=4,2026-09-01,Directory coordinates within county boundary,Listed; operation not independently confirmed
9958,Chisago,Family Pathways Chisago City Food Shelf,Chisago City,"10586 Liberty Lane, Chisago City, MN 55013",651-257-1308,https://www.familypathways.org/get-help/make-appointment/food-shelf-appointments/,Food Shelf,45.378244,-92.89138,https://www.hungersolutions.org/find-help/?fwp_categories=food-shelves&fwp_paged=7,2026-09-01,Directory coordinates within county boundary,Listed; operation not independently confirmed
9961,Chisago,Family Pathways North Branch Food Shelf,North Branch,"6381 Main Street, North Branch, MN 55056",651-674-8313,https://www.familypathways.org/get-help/make-appointment/food-shelf-appointments/,Food Shelf,45.511452,-92.978068,https://www.hungersolutions.org/find-help/?fwp_categories=food-shelves&fwp_paged=7,2026-09-01,Directory coordinates within county boundary,Listed; operation not independently confirmed
10151,Chisago,Rush City Food Shelf,Rush City,"720 W 14th Street, Rush City, MN 55069",320-358-4428 or 763-274-8055 (For Emergencies),https://www.facebook.com/rushcityfoodshelf/,Food Shelf,45.67476,-92.973373,https://www.hungersolutions.org/find-help/?fwp_categories=food-shelves&fwp_paged=21,2026-09-01,Directory coordinates within county boundary,Listed; operation not independently confirmed
14663,Clay,A Place For Hope: Recovery and Wellness Center,Moorhead,"2419 12th Ave S, Moorhead, MN 56560, USA",218-284-6069,https://www.aplace4hope.org/,Food Shelf,46.8615924,-96.7429452,https://www.hungersolutions.org/find-help/?fwp_categories=food-shelves&fwp_paged=1,2026-09-01,Directory coordinates within county boundary,Listed; operation not independently confirmed
9875,Clay,Barnesville Area Food Shelf,Barnesville,"110 Front St N, Barnesville, MN 56514, USA",218-354-7207,https://www.facebook.com/BarnesvilleAreaFoodPantry/,Food Shelf,46.65421121477,-96.419731201852,https://www.hungersolutions.org/find-help/?fwp_categories=food-shelves&fwp_paged=2,2026-09-01,Directory coordinates within county boundary,Listed; operation not independently confirmed
13531,Clay,Bridgepointe Community Food Shelf,Moorhead,"121 17th St N, Moorhead, MN 56560, USA",701-540-1383,,Food Shelf,46.876924,-96.7532199,https://www.hungersolutions.org/find-help/?fwp_categories=food-shelves&fwp_paged=2,2026-09-01,Directory coordinates within county boundary,Listed; operation not independently confirmed
9921,Clay,Churches United For the Homeless,Moorhead,"1901 1st Ave N, Moorhead, MN 56560",218-236-0372,,Food Shelf,46.876032,-96.749814,https://www.hungersolutions.org/find-help/?fwp_categories=food-shelves&fwp_paged=4,2026-09-01,Directory coordinates within county boundary,Listed; operation not independently confirmed
9943,Clay,Dorothy Day Food Pantry Moorhead,Moorhead,"1308 Main Ave, Moorhead, MN 56560",218-656-7628,https://www.churches-united.org/nutritious-food,Food Shelf,46.873783,-96.759468,https://www.hungersolutions.org/find-help/?fwp_categories=food-shelves&fwp_paged=6,2026-09-01,Directory coordinates within county boundary,Listed; operation not independently confirmed
20845,Clay,Glyndon Community Food Pantry,Glyndon,"414 Parke Avenue South, Glyndon, Minnesota 56547, USA",218-498-2368,https://glyndonlutheran.org/,Food Shelf,46.8722914,-96.5797463,https://www.hungersolutions.org/find-help/?fwp_categories=food-shelves&fwp_paged=10,2026-09-01,Directory coordinates within county boundary,Listed; operation not independently confirmed
10138,Clay,REACH- Hawley Food Shelf,Hawley,"421 5th Street, Hawley, MN 56549",218-483-3145,https://www.ruralenrichment.org/index.html,Food Shelf,46.881236,-96.315279,https://www.hungersolutions.org/find-help/?fwp_categories=food-shelves&fwp_paged=20,2026-09-01,Directory coordinates within county boundary,Listed; operation not independently confirmed
19821,Clay,Seeds of Hope,Dilworth,"14 Center Ave E, Dilworth, MN, USA",520-424-8605,https://www.facebook.com/p/Seeds-of-Hope-Dilworth-61552617688958/,Food Shelf,46.876802,-96.7019644,https://www.hungersolutions.org/find-help/?fwp_categories=food-shelves&fwp_paged=23,2026-09-01,Directory coordinates within county boundary,Listed; operation not independently confirmed
9922,Clearwater,Clearwater County Food Shelf,Bagley,"114 N Main Ave, Bagley, MN 56621",218-694-6400,https://www.clearwatercountyfoodshelf.org/,Food Shelf,47.521968,-95.398531,https://www.hungersolutions.org/find-help/?fwp_categories=food-shelves&fwp_paged=4,2026-09-01,Directory coordinates within county boundary,Listed; operation not independently confirmed
13390,Cook,Grand Marais / Cook County Food Shelf,Grand Marais,"300 W 2nd St, Grand Marais, MN 55604, USA",218-387-2113,https://www.aeoa.org/food-shelves,Food Shelf,47.7516391,-90.3378304,https://www.hungersolutions.org/find-help/?fwp_categories=food-shelves&fwp_paged=10,2026-09-01,Directory coordinates within county boundary,Listed; operation not independently confirmed
20896,Cook,Second Harvest Northland: Cook County,Grand Portage,"73 Upper Road, Grand Portage, MN, USA",,https://northernlakesfoodbank.org/find-food/mobile-food-pantry-program/,Food Shelf,47.9678975,-89.6804323,https://www.hungersolutions.org/find-help/?fwp_categories=food-shelves&fwp_paged=22,2026-09-01,Directory coordinates within county boundary,Listed; operation not independently confirmed
10085,Cottonwood,Mountain Lake Community Food Shelf,Mountain Lake,"1027 2nd Ave, Mountain Lake, MN 56159",507-427-3200,,Food Shelf,43.9383276,-94.928529,https://www.hungersolutions.org/find-help/?fwp_categories=food-shelves&fwp_paged=16,2026-09-01,Directory coordinates within county boundary,Listed; operation not independently confirmed
10066,Cottonwood,Westbrook Mary and Martha’s Pantry,Westbrook,"1110 11th St, Westbrook, MN 56183, USA",507-537-1416,https://www.unitedcapmn.org/services/community-family-services/food-assistance/,Food Shelf,44.0471923,-95.4374353,https://www.hungersolutions.org/find-help/?fwp_categories=food-shelves&fwp_paged=28,2026-09-01,Directory coordinates within county boundary,Listed; operation not independently confirmed
10252,Cottonwood,Windom Area Sharing Center,Windom,"1156 4th Ave, Windom, MN 56101, USA",507-822-7210,https://www.facebook.com/Windomareasharingcenter,Food Shelf,43.8685846,-95.1181437,https://www.hungersolutions.org/find-help/?fwp_categories=food-shelves&fwp_paged=28,2026-09-01,Directory coordinates within county boundary,Listed; operation not independently confirmed
21611,Crow Wing,Baxter Food Shelf,Baxter,"7837 Excelsior Rd, Baxter, MN 56425, USA",218-838-8131,https://lakesareafoodshelf.org/,Food Shelf,46.3542385,-94.2367098,https://www.hungersolutions.org/find-help/?fwp_categories=food-shelves&fwp_paged=2,2026-09-01,Directory coordinates within county boundary,Listed; operation not independently confirmed
13477,Crow Wing,Blessings Shelves of First Baptist,Baxter,"7398 Fairview Rd N, Baxter, MN 56425, USA",218-829-5767,https://www.firstbaptistchurchbaxter.org/,Food Shelf,46.3532511,-94.2478396,https://www.hungersolutions.org/find-help/?fwp_categories=food-shelves&fwp_paged=2,2026-09-01,Directory coordinates within county boundary,Listed; operation not independently confirmed
9935,Crow Wing,Crosslake Food Shelf,Crosslake,"34212 Co Rd 3, Crosslake, MN 56442, USA",218-692-3663,https://www.crosslakefoodshelf.com/,Food Shelf,46.6486533,-94.1137533,https://www.hungersolutions.org/find-help/?fwp_categories=food-shelves&fwp_paged=5,2026-09-01,Directory coordinates within county boundary,Listed; operation not independently confirmed
9936,Crow Wing,Cuyuna Range Food Shelf,Crosby,"302 Cross Ave, Crosby, MN 56441",218-546-6010,https://immanuelcrosby.org/ministries/outreach-ministries/,Food Shelf,46.485114,-93.952268,https://www.hungersolutions.org/find-help/?fwp_categories=food-shelves&fwp_paged=6,2026-09-01,Directory coordinates within county boundary,Listed; operation not independently confirmed
9954,Crow Wing,Emily Emergency Food Shelf,Emily,"20948 County Road 1, Emily, MN 56447, USA",218-763-3663,https://www.emilyfoodshelf.com/,Food Shelf,46.7312437,-93.9601627,https://www.hungersolutions.org/find-help/?fwp_categories=food-shelves&fwp_paged=6,2026-09-01,Directory coordinates within county boundary,Listed; operation not independently confirmed
9982,Crow Wing,Garrison Area Caregivers Food Shelf,Garrison,"9541 Madison St, Garrison, MN 56450, USA",320-692-5399,https://www.facebook.com/people/Garrison-Area-Caregivers/100068486887141/?paipv=0&eav=AfYbmi7Yvfl8d-pNMI5rw64FgXWocwUtyy9Hfqr4uky2_7P3T5wuS5QNYtGtT4t8UiY&_rdr,Food Shelf,46.2945898,-93.8252082,https://www.hungersolutions.org/find-help/?fwp_categories=food-shelves&fwp_paged=10,2026-09-01,Directory coordinates within county boundary,Listed; operation not independently confirmed
10048,Crow Wing,Lakes Area Food Shelf,Pequot Lakes,"29316 Patriot Ave, Pequot Lakes, MN 56472, USA",218-568-8474,http://lakesareafoodshelf.org/,Food Shelf,46.5773123,-94.3081192,https://www.hungersolutions.org/find-help/?fwp_categories=food-shelves&fwp_paged=14,2026-09-01,Directory coordinates within county boundary,Listed; operation not independently confirmed
21186,Crow Wing,North Country Brainerd Mobile Pantry,Brainerd,"501 W College Dr, Brainerd, MN 56401, USA",218-326-4420,https://secondharvestnorthland.org/find-food/,Food Shelf,46.3453684,-94.2176634,https://www.hungersolutions.org/find-help/?fwp_categories=food-shelves&fwp_paged=17,2026-09-01,Directory coordinates within county boundary,Listed; operation not independently confirmed
20899,Crow Wing,Second Harvest Northland: Crow Wing County,Brainerd,"501 W College Dr, Brainerd, MN, USA",,https://northernlakesfoodbank.org/find-food/mobile-food-pantry-program/,Food Shelf,46.3451575,-94.2206368,https://www.hungersolutions.org/find-help/?fwp_categories=food-shelves&fwp_paged=22,2026-09-01,Directory coordinates within county boundary,Listed; operation not independently confirmed
10156,Crow Wing,The Salvation Army Brainerd,Brainerd,"208 S 5th Street, Brainerd, MN 56401",218-829-1120,https://centralusa.salvationarmy.org/northern/BrainerdLakes/programs-and-services/,Food Shelf,46.35671,-94.202166,https://www.hungersolutions.org/find-help/?fwp_categories=food-shelves&fwp_paged=25,2026-09-01,Directory coordinates within county boundary,Listed; operation not independently confirmed
9862,Dakota,360 Communities Apple Valley Food Shelf,Apple Valley,"12650 Johnny Cake Ridge Road, Apple Valley, MN 55124",952-985-5300,https://360communities.org/resources/food-shelves/,Food Shelf,44.764346,-93.185633,https://www.hungersolutions.org/find-help/?fwp_categories=food-shelves&fwp_paged=1,2026-09-01,Directory coordinates within county boundary,Listed; operation not independently confirmed
9858,Dakota,360 Communities Burnsville Food Shelf,Burnsville,"501 East Highway 13 Suite 112, Burnsville, MN 55337",952-985-5300,https://360communities.org/resources/food-shelves/,Food Shelf,44.7808951,-93.2680285,https://www.hungersolutions.org/find-help/?fwp_categories=food-shelves&fwp_paged=1,2026-09-01,Directory coordinates within county boundary,Listed; operation not independently confirmed
9859,Dakota,360 Communities Farmington Food Shelf,Farmington,"510 Walnut Street, Farmington, MN 55024",952-985-5300,https://360communities.org/resources/food-shelves/,Food Shelf,44.636381,-93.14055,https://www.hungersolutions.org/find-help/?fwp_categories=food-shelves&fwp_paged=1,2026-09-01,Directory coordinates within county boundary,Listed; operation not independently confirmed
9860,Dakota,360 Communities Messiah Community Food Shelf,Lakeville,"16725 Highview Ave, Lakeville, MN 55044",952-985-5300,https://360communities.org/resources/food-shelves/,Food Shelf,44.707572,-93.239857,https://www.hungersolutions.org/find-help/?fwp_categories=food-shelves&fwp_paged=1,2026-09-01,Directory coordinates within county boundary,Listed; operation not independently confirmed
9861,Dakota,360 Communities Rosemount Food Shelf,Rosemount,"14521 Cimarron Ave W, Rosemount, MN 55068",651-322-5113,https://360communities.org/resources/food-shelves/,Food Shelf,44.737765,-93.140564,https://www.hungersolutions.org/find-help/?fwp_categories=food-shelves&fwp_paged=1,2026-09-01,Directory coordinates within county boundary,Listed; operation not independently confirmed
18719,Dakota,Caring Hearts in Action,Farmington,"423 3rd Street, Farmington, MN, USA",651 333 9027,https://caringheartsmn.org/,Food Shelf,44.6383799,-93.1449813,https://www.hungersolutions.org/find-help/?fwp_categories=food-shelves&fwp_paged=3,2026-09-01,Directory coordinates within county boundary,Listed; operation not independently confirmed
9999,Dakota,Hastings Family Service,Hastings,"301 East 2nd Street, Hastings, MN 55033",651-437-7134,https://hastingsfamilyservice.org/programs-services/the-market--food-shelf.html,Food Shelf,44.74465,-92.849634,https://www.hungersolutions.org/find-help/?fwp_categories=food-shelves&fwp_paged=11,2026-09-01,Directory coordinates within county boundary,Listed; operation not independently confirmed
18636,Dakota,Kaposia Education Center,South St Paul,"1225 1st Ave S, South St Paul, MN 55075, USA",,,Food Shelf,44.8700502,-93.0337587,https://www.hungersolutions.org/find-help/?fwp_categories=food-shelves&fwp_paged=13,2026-09-01,Directory coordinates within county boundary,Listed; operation not independently confirmed
20374,Dakota,MAS MN Rosemount Food Shelf,Rosemount,"15400 South Robert Trail, Rosemount, MN 55068, USA",,https://masmn.org/social-services/,Food Shelf,44.7266454,-93.1314365,https://www.hungersolutions.org/find-help/?fwp_categories=food-shelves&fwp_paged=15,2026-09-01,Directory coordinates within county boundary,Listed; operation not independently confirmed
18715,Dakota,Neighbors Express,South St Paul,"222 Grand Ave W, South St Paul, MN 55075, USA",651-455-5000,https://www.neighborsmn.org/,Food Shelf,44.8930641,-93.0369265,https://www.hungersolutions.org/find-help/?fwp_categories=food-shelves&fwp_paged=16,2026-09-01,Directory coordinates within county boundary,Listed; operation not independently confirmed
21340,Dakota,Neighbors Express- Healy Mobile Park,South Saint Paul,"1403 Concord St S, South Saint Paul, MN, USA",,https://www.neighborsmn.org/,Food Shelf,44.8691242,-93.0265378,https://www.hungersolutions.org/find-help/?fwp_categories=food-shelves&fwp_paged=16,2026-09-01,Directory coordinates within county boundary,Listed; operation not independently confirmed
18895,Dakota,Neighbors Express- John Carroll,South St Paul,"300 Grand Ave W, South St Paul, MN 55075, USA",,https://www.neighborsmn.org/,Food Shelf,44.8940294,-93.0376696,https://www.hungersolutions.org/find-help/?fwp_categories=food-shelves&fwp_paged=16,2026-09-01,Directory coordinates within county boundary,Listed; operation not independently confirmed
18896,Dakota,Neighbors Express- Nan McKay,South Saint Paul,"200 Marie Ave, South Saint Paul, MN 55075, USA",,https://www.neighborsmn.org/,Food Shelf,44.8911912,-93.0361637,https://www.hungersolutions.org/find-help/?fwp_categories=food-shelves&fwp_paged=17,2026-09-01,Directory coordinates within county boundary,Listed; operation not independently confirmed
18897,Dakota,Neighbors Express- Oakdale,West St Paul,"1926 Oakdale Ave, West St Paul, MN 55118, USA",,https://www.neighborsmn.org/,Food Shelf,44.8879074,-93.0695031,https://www.hungersolutions.org/find-help/?fwp_categories=food-shelves&fwp_paged=17,2026-09-01,Directory coordinates within county boundary,Listed; operation not independently confirmed
18898,Dakota,Neighbors Express- The Winslow,West St Paul,"1631 Marthaler Lane, West St Paul, MN 55118, USA",,https://www.neighborsmn.org/,Food Shelf,44.8971784,-93.0758236,https://www.hungersolutions.org/find-help/?fwp_categories=food-shelves&fwp_paged=17,2026-09-01,Directory coordinates within county boundary,Listed; operation not independently confirmed
10093,Dakota,"Neighbors, Inc. Food Shelf",South St Paul,"222 Grand Ave W, South St Paul, MN 55075, USA",651-455-5000,https://www.neighborsmn.org/,Food Shelf,44.8930641,-93.0369265,https://www.hungersolutions.org/find-help/?fwp_categories=food-shelves&fwp_paged=17,2026-09-01,Directory coordinates within county boundary,Listed; operation not independently confirmed
10137,Dakota,Randolph Food Shelf,Randolph,"28595 Randolph Blvd, Randolph, MN 55065",507-263-9182,,Food Shelf,44.534751,-93.00378,https://www.hungersolutions.org/find-help/?fwp_categories=food-shelves&fwp_paged=20,2026-09-01,Directory coordinates within county boundary,Listed; operation not independently confirmed
10128,Dakota,Salvation Army Prince of Peace Food Shelf,Burnsville,"13801 Fairview Drive, Burnsville, MN, USA",952-898-9311,https://popmn.org/mission/mission-outpost/,Food Shelf,44.7521693,-93.274614,https://www.hungersolutions.org/find-help/?fwp_categories=food-shelves&fwp_paged=21,2026-09-01,Directory coordinates within county boundary,Listed; operation not independently confirmed
20376,Dakota,The Open Door Mobile Pantry at Christus Victor Lutheran Church,Apple Valley,"7510 Palomino Dr, Apple Valley, MN 55124, USA",(651) 686-0787,https://theopendoorpantry.org/pantry/,Food Shelf,44.7654122,-93.2187564,https://www.hungersolutions.org/find-help/?fwp_categories=food-shelves&fwp_paged=25,2026-09-01,Directory coordinates within county boundary,Listed; operation not independently confirmed
20377,Dakota,The Open Door Mobile Pantry at Dakota County Northern Service Center,West St Paul,"1 Mendota Rd, West St Paul, MN 55118, USA",(651) 686-0787, https://theopendoorpantry.org/mobile/,Food Shelf,44.8845729,-93.0866242,https://www.hungersolutions.org/find-help/?fwp_categories=food-shelves&fwp_paged=25,2026-09-01,Directory coordinates within county boundary,Listed; operation not independently confirmed
10216,Dakota,The Open Door Mobile Pantry at Valley Christian Church,Lakeville,"20270 Iberia Ave, Lakeville, MN 55044, USA",651-686-0787,https://theopendoorpantry.org/mobile/,Food Shelf,44.6552506,-93.2471211,https://www.hungersolutions.org/find-help/?fwp_categories=food-shelves&fwp_paged=25,2026-09-01,Directory coordinates within county boundary,Listed; operation not independently confirmed
21664,Dakota,The Open Door’s Pop-Up Produce at Rambling River Center,Farmington,"325 Oak St, Farmington, MN 55024, USA",(651) 686-0787, https://theopendoorpantry.org/mobile/,Food Shelf,44.6394599,-93.1439708,https://www.hungersolutions.org/find-help/?fwp_categories=food-shelves&fwp_paged=25,2026-09-01,Directory coordinates within county boundary,Listed; operation not independently confirmed
17746,Dakota,The Sanneh Foundation- La Vina,Burnsville,"13798 Parkwood Dr, Burnsville, MN 55337, USA",(651) 690-4855 ext 1,https://thesannehfoundation.org/food-services/?fbclid=IwAR2qlEpsjMOLO43R0RFdAZGw5500aUxlifHB_vlESM8r5u2lwdv3tA1YvyU,Food Shelf,44.7557701,-93.2602878,https://www.hungersolutions.org/find-help/?fwp_categories=food-shelves&fwp_paged=26,2026-09-01,Directory coordinates within county boundary,Listed; operation not independently confirmed
18696,Dodge,Hayfield Community Food Pantry,Hayfield,"30 Main Street, Hayfield, MN 55940, USA",507-477-2255,https://cedarcreekchurch.org/food-pantry/,Food Shelf,43.8907775,-92.846841,https://www.hungersolutions.org/find-help/?fwp_categories=food-shelves&fwp_paged=11,2026-09-01,Directory coordinates within county boundary,Listed; operation not independently confirmed
10182,Dodge,SEMCAC Kasson Food Shelf,Kasson,"202 5th St SE, Kasson, MN 55944, USA",507-634-4350,https://www.semcac.org/outreach-services/food-shelves/,Food Shelf,44.0241471,-92.7458021,https://www.hungersolutions.org/find-help/?fwp_categories=food-shelves&fwp_paged=23,2026-09-01,Directory coordinates within county boundary,Listed; operation not independently confirmed
10116,Douglas,Outreach Food Shelf,Alexandria,"1205 Lake Street, Alexandria, MN 56308",320-762-8411,https://outreachfoodshelf.com/,Food Shelf,45.878845,-95.369774,https://www.hungersolutions.org/find-help/?fwp_categories=food-shelves&fwp_paged=18,2026-09-01,Directory coordinates within county boundary,Listed; operation not independently confirmed
21772,Douglas,Outreach Food Shelf Mobile Pantry- Alexandria,Alexandria,"1405 6th Ave E, Alexandria, MN, USA",320-762-8411,https://www.facebook.com/outreachfoodshelf,Food Shelf,45.8861495,-95.3564695,https://www.hungersolutions.org/find-help/?fwp_categories=food-shelves&fwp_paged=18,2026-09-01,Directory coordinates within county boundary,Listed; operation not independently confirmed
20325,Douglas,Outreach Food Shelf Mobile Pantry- Evansville,Evansville,"106 State St, Evansville, MN, USA",320-762-8411,https://www.outreachfoodshelf.org/,Food Shelf,46.0070804,-95.6866657,https://www.hungersolutions.org/find-help/?fwp_categories=food-shelves&fwp_paged=18,2026-09-01,Directory coordinates within county boundary,Listed; operation not independently confirmed
20327,Douglas,Outreach Food Shelf Mobile Pantry- Kensington,Kensington,"25 State St, Kensington, MN, USA",320-762-8411,https://www.outreachfoodshelf.org/,Food Shelf,45.7797918,-95.6915248,https://www.hungersolutions.org/find-help/?fwp_categories=food-shelves&fwp_paged=18,2026-09-01,Directory coordinates within county boundary,Listed; operation not independently confirmed
20324,Douglas,Outreach Food Shelf Mobile Pantry- Miltona,Miltona,"5500 County Rd 14 NE, Miltona, MN, USA",320-762-8411,https://www.outreachfoodshelf.org/,Food Shelf,46.0481164,-95.2990869,https://www.hungersolutions.org/find-help/?fwp_categories=food-shelves&fwp_paged=18,2026-09-01,Directory coordinates within county boundary,Listed; operation not independently confirmed
20326,Douglas,Outreach Food Shelf Mobile Pantry- Osakis,Osakis,"59 West Main Street, Osakis, MN, USA",320-762-8411,https://www.outreachfoodshelf.org/,Food Shelf,45.8677624,-95.1537272,https://www.hungersolutions.org/find-help/?fwp_categories=food-shelves&fwp_paged=18,2026-09-01,Directory coordinates within county boundary,Listed; operation not independently confirmed
15923,Douglas,The Free Little Pantry,Alexandria,"406 8th Ave E, Alexandria, MN, USA",,https://www.littlefreepantry.org/,Food Shelf,45.8833633,-95.3725216,https://www.hungersolutions.org/find-help/?fwp_categories=food-shelves&fwp_paged=25,2026-09-01,Directory coordinates within county boundary,Listed; operation not independently confirmed
20201,Faribault,Bricelyn Food Pantry,Bricelyn,"311 North Main Street, Bricelyn, MN, USA",406-417-9665,https://www.facebook.com/people/CPFC-Bricelyn-Food-Pantry/61557561352891/#,Food Shelf,43.5624138,-93.8129848,https://www.hungersolutions.org/find-help/?fwp_categories=food-shelves&fwp_paged=2,2026-09-01,Directory coordinates within county boundary,Listed; operation not independently confirmed
9965,Faribault,Faribault County Area Food Shelf,Blue Earth,"415 South Grove Street, Suite 6 1/2, Blue Earth, MN, USA",507-526-7222,,Food Shelf,43.6349857,-94.089796,https://www.hungersolutions.org/find-help/?fwp_categories=food-shelves&fwp_paged=7,2026-09-01,Directory coordinates within county boundary,Listed; operation not independently confirmed
10248,Faribault,Wells Area Food Shelf,Wells,"10 1st Avenue Southwest, Wells, MN 56097, USA",507-553-3234,https://wellsareafoodshelf.org/about-us,Food Shelf,43.7448633,-93.7271311,https://www.hungersolutions.org/find-help/?fwp_categories=food-shelves&fwp_paged=28,2026-09-01,Directory coordinates within county boundary,Listed; operation not independently confirmed
9915,Fillmore,Chatfield Community Food Shelf,Chatfield,"124 Winona Street SE, Chatfield, MN 55923",507-867-3529,https://www.facebook.com/p/Chatfield-Community-Food-Shelf-100068255115006,Food Shelf,43.847377,-92.1875031,https://www.hungersolutions.org/find-help/?fwp_categories=food-shelves&fwp_paged=4,2026-09-01,Directory coordinates within county boundary,Listed; operation not independently confirmed
10061,Fillmore,Mabel Area Food Shelf,Mabel,"202 North Oak Street, Mabel, MN 55954",507-493-5783,https://www.facebook.com/p/Mabel-Area-Foodshelf-100066982639403/,Food Shelf,43.5216832,-91.7722386,https://www.hungersolutions.org/find-help/?fwp_categories=food-shelves&fwp_paged=14,2026-09-01,Directory coordinates within county boundary,Listed; operation not independently confirmed
10183,Fillmore,SEMCAC Preston Food Shelf,Preston,"515 Washington NW (lower level), Preston, MN 55965",507-765-2761,https://www.semcac.org/outreach-services/food-shelves/,Food Shelf,43.669534,-92.077244,https://www.hungersolutions.org/find-help/?fwp_categories=food-shelves&fwp_paged=23,2026-09-01,Directory coordinates within county boundary,Listed; operation not independently confirmed
10184,Fillmore,SEMCAC Rushford Food Shelf,Rushford,"113 E Jessie St, Rushford, MN 55971, USA",507-864-8224,https://www.semcac.org/outreach-services/food-shelves/,Food Shelf,43.808478,-91.7523935,https://www.hungersolutions.org/find-help/?fwp_categories=food-shelves&fwp_paged=23,2026-09-01,Directory coordinates within county boundary,Listed; operation not independently confirmed
10194,Fillmore,Spring Valley Area Food Shelf,Spring Valley,"102 E Jefferson St, Spring Valley, MN 55975, USA",507-346-7113,https://www.facebook.com/SpringValleyAreaFoodShelf/,Food Shelf,43.6883891,-92.3900387,https://www.hungersolutions.org/find-help/?fwp_categories=food-shelves&fwp_paged=24,2026-09-01,Directory coordinates within county boundary,Listed; operation not independently confirmed
10197,Fillmore,St. John’s Food Shelf,Wykoff,"241 South Line Street, Wykoff, MN 55990, USA",507-352-2296,,Food Shelf,43.7040179,-92.2700792,https://www.hungersolutions.org/find-help/?fwp_categories=food-shelves&fwp_paged=24,2026-09-01,Directory coordinates within county boundary,Listed; operation not independently confirmed
9866,Freeborn,Alden Area Food Shelf-Redeemer Lutheran Church,Alden,"191 Water Street W, Alden, MN 56009",507-874-3343,,Food Shelf,43.6716166,-93.5745469,https://www.hungersolutions.org/find-help/?fwp_categories=food-shelves&fwp_paged=1,2026-09-01,Directory coordinates within county boundary,Listed; operation not independently confirmed
13485,Freeborn,Ecumenical Food Pantry,Albert Lea,"308 Water St, Albert Lea, MN 56007, USA",(507) 373-2035,,Food Shelf,43.650919,-93.3720775,https://www.hungersolutions.org/find-help/?fwp_categories=food-shelves&fwp_paged=6,2026-09-01,Directory coordinates within county boundary,Listed; operation not independently confirmed
10154,Freeborn,The Salvation Army Albert Lea,Albert Lea,"302 Court Street, Albert Lea, MN 56007",507-373-5710,https://centralusa.salvationarmy.org/northern/albertlea/,Food Shelf,43.646888,-93.369992,https://www.hungersolutions.org/find-help/?fwp_categories=food-shelves&fwp_paged=25,2026-09-01,Directory coordinates within county boundary,Listed; operation not independently confirmed
18700,Freeborn,United Way of Freeborn County- Welcome Pantry,Albert Lea,"411 South 1st Avenue suite a, Albert Lea, MN, USA",507-373-8670,https://www.unitedwayfc.org/welcomepantry,Food Shelf,43.6463978,-93.3782254,https://www.hungersolutions.org/find-help/?fwp_categories=food-shelves&fwp_paged=27,2026-09-01,Directory coordinates within county boundary,Listed; operation not independently confirmed
9868,Goodhue,All Seasons Community Services Food Shelf,Kenyon,"516 2nd St, Kenyon, MN 55946, USA",507-789-6162,,Food Shelf,44.2723067,-92.9881426,https://www.hungersolutions.org/find-help/?fwp_categories=food-shelves&fwp_paged=1,2026-09-01,Directory coordinates within county boundary,Listed; operation not independently confirmed
9895,Goodhue,Cannon Falls Food Shelf,Cannon Falls,"511 Belle Street W, Cannon Falls, MN 55009",507-819-0236,https://www.facebook.com/profile.php?id=61566415072025,Food Shelf,44.503745,-92.907623,https://www.hungersolutions.org/find-help/?fwp_categories=food-shelves&fwp_paged=3,2026-09-01,Directory coordinates within county boundary,Listed; operation not independently confirmed
10124,Goodhue,Pine Island Sharing Shelves,Pine Island,"611 North Main Street, Pine Island, MN, USA 55963-0145",507-722-1331,https://www.facebook.com/pineislandsharingshelves/,Food Shelf,44.2091296,-92.645821,https://www.hungersolutions.org/find-help/?fwp_categories=food-shelves&fwp_paged=19,2026-09-01,Directory coordinates within county boundary,Listed; operation not independently confirmed
10140,Goodhue,Red Wing Area Food Shelf,Red Wing,"1755 Old W Main Street, Red Wing, MN 55066, USA",651-388-9302,http://www.redwingfoodshelf.org,Food Shelf,44.562966,-92.5528789,https://www.hungersolutions.org/find-help/?fwp_categories=food-shelves&fwp_paged=20,2026-09-01,Directory coordinates within county boundary,Listed; operation not independently confirmed
10259,Goodhue,Zumbrota Area Emergency Food Shelf,Zumbrota,"242 Main Street, Zumbrota, MN 55992",507-732-7330,https://www.ci.zumbrota.mn.us/index.asp?SEC=B918734B-9DE9-4994-B74F-70BDB89F6F32&DE=53B64789-910C-41EA-BBA5-4E717439E5B0,Food Shelf,44.292165,-92.669164,https://www.hungersolutions.org/find-help/?fwp_categories=food-shelves&fwp_paged=28,2026-09-01,Directory coordinates within county boundary,Listed; operation not independently confirmed
9991,Grant,Grant County Emergency Food Shelf,Elbow Lake,"1311 State Hwy 79 E, Elbow Lake, MN, USA",218-685-4176,https://www.co.grant.mn.us/833/Food-Shelves,Food Shelf,45.9916944,-95.9593053,https://www.hungersolutions.org/find-help/?fwp_categories=food-shelves&fwp_paged=10,2026-09-01,Directory coordinates within county boundary,Listed; operation not independently confirmed
10009,Grant,Hoffman Kensington Area Food Shelf,Hoffman,"100 3rd Street, Hoffman, MN, 56339",701) 640-9806,https://www.facebook.com/H-K-Area-Food-Shelf-395018631103716/,Food Shelf,45.8304635,-95.7888927,https://www.hungersolutions.org/find-help/?fwp_categories=food-shelves&fwp_paged=11,2026-09-01,Directory coordinates within county boundary,Listed; operation not independently confirmed
21021,Hennepin,Bread of Life Food Shelf,Minneapolis,"2900 Fremont Ave N, Minneapolis, MN, USA",612-449-8833,https://myfreedomworks.com/events/,Food Shelf,45.009759,-93.295204,https://www.hungersolutions.org/find-help/?fwp_categories=food-shelves&fwp_paged=2,2026-09-01,Directory coordinates within county boundary,Listed; operation not independently confirmed
9897,Hennepin,CAPI USA Food Shelf,Brooklyn Center,"6064 Shingle Creek Parkway, Brooklyn Center, MN 55430, USA",612-721-0122,https://www.capiusa.org/services/basic-needs/,Food Shelf,45.064592,-93.3081908,https://www.hungersolutions.org/find-help/?fwp_categories=food-shelves&fwp_paged=3,2026-09-01,Directory coordinates within county boundary,Listed; operation not independently confirmed
9934,Hennepin,CROSS Services Food Shelf,Rogers,"12915 Weinand Circle, Rogers, MN 55374",763-425-1050,https://crossservices.org/,Food Shelf,45.188597,-93.528635,https://www.hungersolutions.org/find-help/?fwp_categories=food-shelves&fwp_paged=5,2026-09-01,Directory coordinates within county boundary,Listed; operation not independently confirmed
9892,Hennepin,Calvary Lutheran Church Food Shelf,Minneapolis,"3901 Chicago Ave, Minneapolis, MN 55407, USA",612-285-3876,https://www.calvaryfoodshelf.org/,Food Shelf,44.9322114,-93.2620244,https://www.hungersolutions.org/find-help/?fwp_categories=food-shelves&fwp_paged=3,2026-09-01,Directory coordinates within county boundary,Listed; operation not independently confirmed
9893,Hennepin,Camden’s Promise – Gethsemane Lutheran Church Food Shelf,Minneapolis,"4656 Colfax Ave North, Minneapolis, MN 55412",612-521-5216,http://www.thecamdenpromise.org/food-shelf.html,Food Shelf,45.039484,-93.292706,https://www.hungersolutions.org/find-help/?fwp_categories=food-shelves&fwp_paged=3,2026-09-01,Directory coordinates within county boundary,Listed; operation not independently confirmed
20909,Hennepin,Campus Cupboard: Augsburg University,Minneapolis,"2016 S 8th St, Minneapolis, MN, USA",763-706-0641,https://sites.augsburg.edu/foodshelf/,Food Shelf,44.9654972,-93.2432348,https://www.hungersolutions.org/find-help/?fwp_categories=food-shelves&fwp_paged=3,2026-09-01,Directory coordinates within county boundary,Listed; operation not independently confirmed
10076,Hennepin,Community Bridge Food Shelf,Minneapolis,"2400 Park Ave, Minneapolis, MN 55404",612-746-4108,http://communitybridgempls.org/community-meals-and-food-pantry/,Food Shelf,44.9590983,-93.265132,https://www.hungersolutions.org/find-help/?fwp_categories=food-shelves&fwp_paged=5,2026-09-01,Directory coordinates within county boundary,Listed; operation not independently confirmed
9909,Hennepin,Community Emergency Assistance Programs (CEAP) Food Shelf,Brooklyn Center,"7051 Brooklyn Boulevard, Brooklyn Center, MN 55429",763-566-9600,https://ceap.org/,Food Shelf,45.094824,-93.369537,https://www.hungersolutions.org/find-help/?fwp_categories=food-shelves&fwp_paged=5,2026-09-01,Directory coordinates within county boundary,Listed; operation not independently confirmed
9927,Hennepin,Community Emergency Service Food Shelf,Minneapolis,"1900 - 11th Ave S, Minneapolis, MN 55404",612-870-1125,https://www.cesmn.org/food-program,Food Shelf,44.963919,-93.258186,https://www.hungersolutions.org/find-help/?fwp_categories=food-shelves&fwp_paged=5,2026-09-01,Directory coordinates within county boundary,Listed; operation not independently confirmed
20761,Hennepin,Comunidades Latinas Unidas En Servicio (CLUES)-Minneapolis,Minneapolis,"777 East Lake Street, Minneapolis, MN 55407, USA",612-444-2156,"https://clues.org/services/community-health-and-wellness/access-to-healthy-food/#:~:text=Canasta%20Familiar%20is%20a%20free,Foods%20vary%20according%20to%20availability.",Food Shelf,44.9480534,-93.2629989,https://www.hungersolutions.org/find-help/?fwp_categories=food-shelves&fwp_paged=5,2026-09-01,Directory coordinates within county boundary,Listed; operation not independently confirmed
9942,Hennepin,Division of Indian Work,Minneapolis,"1001 East Lake Street, Minneapolis, MN 55407",(612)722-8722,https://www.diw-mn.org/,Food Shelf,44.948342,-93.260121,https://www.hungersolutions.org/find-help/?fwp_categories=food-shelves&fwp_paged=6,2026-09-01,Directory coordinates within county boundary,Listed; operation not independently confirmed
20874,Hennepin,Food Shelf In-A-Box at Forty-Forty Flats,Edina,"4040 W 70th St, Edina, MN 55435, USA",,https://www.goodinthehood.org/our-programs/food-programs/,Food Shelf,44.8767459,-93.3312553,https://www.hungersolutions.org/find-help/?fwp_categories=food-shelves&fwp_paged=8,2026-09-01,Directory coordinates within county boundary,Listed; operation not independently confirmed
20875,Hennepin,Food Shelf In-A-Box at Minnetonka Heights Apt YMCA,Minnetonka,"5809 County Road 101, Minnetonka, MN 55345, USA",,https://www.goodinthehood.org/our-programs/food-programs/,Food Shelf,44.8973863,-93.5121439,https://www.hungersolutions.org/find-help/?fwp_categories=food-shelves&fwp_paged=8,2026-09-01,Directory coordinates within county boundary,Listed; operation not independently confirmed
19003,Hennepin,Food Shelf-In-A-Box at Briar Hills YMCA,Eden Prairie,"7025 Woodland Drive, Eden Prairie, MN 55346, USA",,https://www.goodinthehood.org/our-programs/food-programs/,Food Shelf,44.8756922,-93.4669064,https://www.hungersolutions.org/find-help/?fwp_categories=food-shelves&fwp_paged=8,2026-09-01,Directory coordinates within county boundary,Listed; operation not independently confirmed
17581,Hennepin,Food Shelf-In-A-Box at Creekside Gables,Brooklyn Park,"7601 Zane Ave N, Brooklyn Park, MN 55443, USA",,https://www.goodinthehood.org/our-programs/food-programs/,Food Shelf,45.0928747,-93.3567977,https://www.hungersolutions.org/find-help/?fwp_categories=food-shelves&fwp_paged=8,2026-09-01,Directory coordinates within county boundary,Listed; operation not independently confirmed
18987,Hennepin,Food Shelf-In-A-Box at Emma B Howe YMCA,Minneapolis,"2304 Jackson St NE, Minneapolis, MN 55418, USA",,https://www.goodinthehood.org/our-programs/food-programs/,Food Shelf,45.0111231,-93.2495371,https://www.hungersolutions.org/find-help/?fwp_categories=food-shelves&fwp_paged=8,2026-09-01,Directory coordinates within county boundary,Listed; operation not independently confirmed
17586,Hennepin,Food Shelf-In-A-Box at Folwell School,Minneapolis,"3611 20th Ave S, Minneapolis, MN 55407, USA",,https://www.goodinthehood.org/our-programs/food-programs/,Food Shelf,44.9373319,-93.2428068,https://www.hungersolutions.org/find-help/?fwp_categories=food-shelves&fwp_paged=8,2026-09-01,Directory coordinates within county boundary,Listed; operation not independently confirmed
18998,Hennepin,Food Shelf-In-A-Box at Nokomis East,Minneapolis,"5540 30th Ave S, Minneapolis, MN 55417, USA",,https://www.goodinthehood.org/our-programs/food-programs/,Food Shelf,44.902041,-93.2301684,https://www.hungersolutions.org/find-help/?fwp_categories=food-shelves&fwp_paged=8,2026-09-01,Directory coordinates within county boundary,Listed; operation not independently confirmed
20881,Hennepin,Food Shelf-In-A-Box at Sonder Point,Brooklyn Center,"5803 Xerxes Avenue North, Brooklyn Center, MN 55430, USA",,https://www.goodinthehood.org/our-programs/food-programs/,Food Shelf,45.060656,-93.3212355,https://www.hungersolutions.org/find-help/?fwp_categories=food-shelves&fwp_paged=9,2026-09-01,Directory coordinates within county boundary,Listed; operation not independently confirmed
19001,Hennepin,Food Shelf-In-A-Box at The Gathering,Robbinsdale,"3620 43rd Ave N, Robbinsdale, MN 55422, USA",,https://www.goodinthehood.org/our-programs/food-programs/,Food Shelf,45.0340371,-93.3258308,https://www.hungersolutions.org/find-help/?fwp_categories=food-shelves&fwp_paged=9,2026-09-01,Directory coordinates within county boundary,Listed; operation not independently confirmed
20877,Hennepin,Food Shelf-In-A-Box at Tommie Shelf,Minneapolis,"1000 La Salle Avenue, Minneapolis, MN 55402, USA",,https://www.goodinthehood.org/our-programs/food-programs/,Food Shelf,44.9747438,-93.2760059,https://www.hungersolutions.org/find-help/?fwp_categories=food-shelves&fwp_paged=9,2026-09-01,Directory coordinates within county boundary,Listed; operation not independently confirmed
19000,Hennepin,Food Shelf-In-A-Box at True New Vine New Bethel (TNVB),Minneapolis,"2639 Thomas Ave N, Minneapolis, MN 55411, USA",,https://www.goodinthehood.org/our-programs/food-programs/,Food Shelf,45.0072498,-93.3137291,https://www.hungersolutions.org/find-help/?fwp_categories=food-shelves&fwp_paged=9,2026-09-01,Directory coordinates within county boundary,Listed; operation not independently confirmed
20880,Hennepin,Food Shelf-In-A-Box at Zanewood Recreation Center,Brooklyn Park,"5600 85th Ave N, Brooklyn Park, MN, USA",,https://www.goodinthehood.org/our-programs/food-programs/,Food Shelf,45.1106,-93.3522365,https://www.hungersolutions.org/find-help/?fwp_categories=food-shelves&fwp_paged=9,2026-09-01,Directory coordinates within county boundary,Listed; operation not independently confirmed
13475,Hennepin,Food for Thought at Hennepin Technical College Brooklyn Park,Brooklyn Park,"9000 Brooklyn Blvd, Brooklyn Park, MN 55445, USA",,https://www.goodinthehood.org/our-programs/food-programs/,Food Shelf,45.0960075,-93.3966346,https://www.hungersolutions.org/find-help/?fwp_categories=food-shelves&fwp_paged=8,2026-09-01,Directory coordinates within county boundary,Listed; operation not independently confirmed
18990,Hennepin,Food for Thought at Hennepin Technical College Eden Prairie,Eden Prairie,"13100 College View Drive, Eden Prairie, MN 55347, USA",,https://www.goodinthehood.org/our-programs/food-programs/,Food Shelf,44.8354523,-93.4436821,https://www.hungersolutions.org/find-help/?fwp_categories=food-shelves&fwp_paged=8,2026-09-01,Directory coordinates within county boundary,Listed; operation not independently confirmed
18983,Hennepin,Food in the ‘Hood at Beacon of Hope,Minneapolis,"2827 Newton Ave N, Minneapolis, MN 55411, USA",,https://www.goodinthehood.org/our-programs/food-programs/,Food Shelf,45.0094722,-93.3060572,https://www.hungersolutions.org/find-help/?fwp_categories=food-shelves&fwp_paged=8,2026-09-01,Directory coordinates within county boundary,Listed; operation not independently confirmed
17560,Hennepin,Food in the ‘Hood at Cedar Valley,Bloomington,"8600 Bloomington Ave S, Bloomington, MN 55425, USA",,https://www.goodinthehood.org/our-programs/food-programs/,Food Shelf,44.8459645,-93.2541196,https://www.hungersolutions.org/find-help/?fwp_categories=food-shelves&fwp_paged=8,2026-09-01,Directory coordinates within county boundary,Listed; operation not independently confirmed
17578,Hennepin,Food in the ‘Hood at Sanctuary Haven,Minneapolis,"710 West Broadway Avenue, Minneapolis, MN 55411, USA",,https://www.goodinthehood.org/our-programs/food-programs/,Food Shelf,44.9999522,-93.2886172,https://www.hungersolutions.org/find-help/?fwp_categories=food-shelves&fwp_paged=8,2026-09-01,Directory coordinates within county boundary,Listed; operation not independently confirmed
13476,Hennepin,Foodshelf-In-A-Box @ Hmong Int’l Academy Pop-up Mobile,Minneapolis,"1501 30th Ave N, Minneapolis, MN 55411, USA",,https://www.goodinthehood.org/our-programs/food-programs/,Food Shelf,45.0113575,-93.3173043,https://www.hungersolutions.org/find-help/?fwp_categories=food-shelves&fwp_paged=9,2026-09-01,Directory coordinates within county boundary,Listed; operation not independently confirmed
17582,Hennepin,Foodshelf-In-A-Box at 800 West Broadway,Minneapolis,"800 W Broadway Ave, Minneapolis, MN 55411, USA",,https://www.goodinthehood.org/our-programs/food-programs/food-in-the-hood/,Food Shelf,44.9994724,-93.2898854,https://www.hungersolutions.org/find-help/?fwp_categories=food-shelves&fwp_paged=9,2026-09-01,Directory coordinates within county boundary,Listed; operation not independently confirmed
20876,Hennepin,Foodshelf-In-A-Box at Hillock,Minneapolis,"4440 Snelling Ave, Minneapolis, MN 55406, USA",,https://www.goodinthehood.org/our-programs/food-programs/,Food Shelf,44.9218017,-93.2179115,https://www.hungersolutions.org/find-help/?fwp_categories=food-shelves&fwp_paged=9,2026-09-01,Directory coordinates within county boundary,Listed; operation not independently confirmed
14273,Hennepin,Friendship Community Services,Minneapolis,"2600 East 38th Street, Minneapolis, MN, USA",612-827-7928,https://www.friendshipcommunityservices.org/food-hub.html,Food Shelf,44.9342943,-93.2342454,https://www.hungersolutions.org/find-help/?fwp_categories=food-shelves&fwp_paged=9,2026-09-01,Directory coordinates within county boundary,Listed; operation not independently confirmed
9983,Hennepin,Glendale Food Shelf,Minneapolis,"92 St. Mary's Ave SE, Minneapolis, MN 55414",612-342-1954,https://www.esns.org/metrofoodprograms,Food Shelf,44.96914,-93.219025,https://www.hungersolutions.org/find-help/?fwp_categories=food-shelves&fwp_paged=10,2026-09-01,Directory coordinates within county boundary,Listed; operation not independently confirmed
21459,Hennepin,Glendale Food Shelf-day Adventist Church,Minneapolis,"1138 Glenwood Avenue, Minneapolis, MN 55405, USA",7633409015,,Food Shelf,44.9806774,-93.2951894,https://www.hungersolutions.org/find-help/?fwp_categories=food-shelves&fwp_paged=10,2026-09-01,Directory coordinates within county boundary,Listed; operation not independently confirmed
20846,Hennepin,Glendale SDA,Minneapolis,"1138 Glenwood Ave, Minneapolis, MN 55405, USA",612-374-2335,https://www.glendalempls.org/about/,Food Shelf,44.9806774,-93.2951894,https://www.hungersolutions.org/find-help/?fwp_categories=food-shelves&fwp_paged=10,2026-09-01,Directory coordinates within county boundary,Listed; operation not independently confirmed
9985,Hennepin,Good Works Food Shelf,Minneapolis,"697 13th Ave NE, Minneapolis, MN 55413",612-788-4829,https://www.facebook.com/pg/GoodWorksFoodShelf/about/?ref=page_internal,Food Shelf,45.001164,-93.252822,https://www.hungersolutions.org/find-help/?fwp_categories=food-shelves&fwp_paged=10,2026-09-01,Directory coordinates within county boundary,Listed; operation not independently confirmed
9993,Hennepin,Groveland Emergency Food Shelf,Minneapolis,"1900 Nicollet Ave S, Minneapolis, MN 55403",612-871-0277,https://www.grovelandfoodshelf.org/need-food,Food Shelf,44.963972,-93.277803,https://www.hungersolutions.org/find-help/?fwp_categories=food-shelves&fwp_paged=10,2026-09-01,Directory coordinates within county boundary,Listed; operation not independently confirmed
10020,Hennepin,Harvest from the Hearth (Incarnation Church Food Shelf),Minneapolis,"3817 S Pleasant Ave, Minneapolis, MN 55409",(612) 822-2103,https://www.harvestfromtheheart.org/take-action,Food Shelf,44.933792,-93.283066,https://www.hungersolutions.org/find-help/?fwp_categories=food-shelves&fwp_paged=11,2026-09-01,Directory coordinates within county boundary,Listed; operation not independently confirmed
13111,Hennepin,High Rise Mobile Food Shelf,Minneapolis,"554 N 8th Ave, Minneapolis, MN 55411, USA",612-340-9694,https://www.esns.org/metrofoodprograms,Food Shelf,44.986594,-93.2833727,https://www.hungersolutions.org/find-help/?fwp_categories=food-shelves&fwp_paged=11,2026-09-01,Directory coordinates within county boundary,Listed; operation not independently confirmed
21183,Hennepin,Hope for the Community Huntington Place Apartments,Brooklyn Park,"5805 73rd Ave N, Brooklyn Park, Minnesota 55429, USA",612-382-5326,,Food Shelf,45.0868315,-93.3535496,https://www.hungersolutions.org/find-help/?fwp_categories=food-shelves&fwp_paged=12,2026-09-01,Directory coordinates within county boundary,Listed; operation not independently confirmed
20847,Hennepin,Hope for the Community – Normandale College,Bloomington,"9700 France Ave S, Bloomington, MN 55431, USA",,https://hopeforthecommunity.com/,Food Shelf,44.8298754,-93.3310217,https://www.hungersolutions.org/find-help/?fwp_categories=food-shelves&fwp_paged=12,2026-09-01,Directory coordinates within county boundary,Listed; operation not independently confirmed
10013,Hennepin,HopeBridge Food Shelf,New Hope,"4217 Boone Ave, New Hope, MN 55428",763-536-3284,https://newhopechurchmn.org/serve/food-shelf/,Food Shelf,45.0344157,-93.3910685,https://www.hungersolutions.org/find-help/?fwp_categories=food-shelves&fwp_paged=12,2026-09-01,Directory coordinates within county boundary,Listed; operation not independently confirmed
10018,Hennepin,ICA Food Shelf,Minnetonka,"11588 K-Tel Drive, Minnetonka, MN 55343",952-938-0729,https://www.icafoodshelf.org/,Food Shelf,44.913627,-93.4265252,https://www.hungersolutions.org/find-help/?fwp_categories=food-shelves&fwp_paged=12,2026-09-01,Directory coordinates within county boundary,Listed; operation not independently confirmed
13488,Hennepin,Imam Hussain Islamic Center,Minneapolis,"6120 Brooklyn Blvd, Minneapolis, MN 55429, USA",763-300-9677,,Food Shelf,45.066594,-93.3253359,https://www.hungersolutions.org/find-help/?fwp_categories=food-shelves&fwp_paged=12,2026-09-01,Directory coordinates within county boundary,Listed; operation not independently confirmed
10022,Hennepin,Interfaith Outreach & Community Partners (IOCP),Plymouth,"1605 North County Road 101, Plymouth, MN 55447",763-489-7534,https://www.iocp.org/outreach-services/food-shelf/,Food Shelf,44.970992,-93.507257,https://www.hungersolutions.org/find-help/?fwp_categories=food-shelves&fwp_paged=12,2026-09-01,Directory coordinates within county boundary,Listed; operation not independently confirmed
13376,Hennepin,Isuroon Halal Food Shelf,Minneapolis,"3027 2nd Ave S, Minneapolis, MN 55408, USA",612-886-2731,https://www.isuroon.org/,Food Shelf,44.9474335,-93.2738644,https://www.hungersolutions.org/find-help/?fwp_categories=food-shelves&fwp_paged=13,2026-09-01,Directory coordinates within county boundary,Listed; operation not independently confirmed
10028,Hennepin,Jericho Food Shelf,Minneapolis,"1628 East 33rd Street, Minneapolis, MN 55407",612-455-1193,https://www.jerichoroad.us/,Food Shelf,44.9429452,-93.2508268,https://www.hungersolutions.org/find-help/?fwp_categories=food-shelves&fwp_paged=13,2026-09-01,Directory coordinates within county boundary,Listed; operation not independently confirmed
20360,Hennepin,Jericho Road Ministries – Elliot Park,Minneapolis,"1118 S 8th St, Minneapolis, MN 55404, USA",612-455-1193,http://www.jerichoroad.us/,Food Shelf,44.9695158,-93.2569622,https://www.hungersolutions.org/find-help/?fwp_categories=food-shelves&fwp_paged=13,2026-09-01,Directory coordinates within county boundary,Listed; operation not independently confirmed
10030,Hennepin,Joyce Uptown Food Shelf,Minneapolis,"3041 Fremont Ave S, Minneapolis, MN 55408",612-825-4431,https://www.joyceuptownfoodshelf.org/,Food Shelf,44.947634,-93.295757,https://www.hungersolutions.org/find-help/?fwp_categories=food-shelves&fwp_paged=13,2026-09-01,Directory coordinates within county boundary,Listed; operation not independently confirmed
19046,Hennepin,LHENA (Lowry Hill East Neighborhood Association) Food Share,Minneapolis,"610 West 28th Street, Minneapolis, MN, USA",612-208-6044,https://www.thewedge.org/food-636423.html,Food Shelf,44.9521045,-93.2875628,https://www.hungersolutions.org/find-help/?fwp_categories=food-shelves&fwp_paged=14,2026-09-01,Directory coordinates within county boundary,Listed; operation not independently confirmed
10054,Hennepin,Little Kitchen Food Shelf,Minneapolis,"1500 6th St NE, Minneapolis, MN, USA",612-788-2444,http://gracenempls.org/service/little-kitchen-food-shelf/,Food Shelf,45.0039914,-93.2593027,https://www.hungersolutions.org/find-help/?fwp_categories=food-shelves&fwp_paged=14,2026-09-01,Directory coordinates within county boundary,Listed; operation not independently confirmed
13501,Hennepin,Minneapolis Central Church of Christ,Minneapolis,"1922 N 4th Ave, Minneapolis, MN 55405, USA",612-374-5481,https://www.mccofchrist.org/outreach,Food Shelf,44.9817824,-93.305345,https://www.hungersolutions.org/find-help/?fwp_categories=food-shelves&fwp_paged=16,2026-09-01,Directory coordinates within county boundary,Listed; operation not independently confirmed
21497,Hennepin,Minneapolis College Foundation – Food Pantry,Minneapolis,"1501 Hennepin Ave, Minneapolis, MN 55403, USA",,https://minneapolis.edu/basic-needs,Food Shelf,44.9723532,-93.2847169,https://www.hungersolutions.org/find-help/?fwp_categories=food-shelves&fwp_paged=16,2026-09-01,Directory coordinates within county boundary,Listed; operation not independently confirmed
20851,Hennepin,Minneapolis First Adventist Church,Minneapolis,"2315 Nicollet Ave S, Minneapolis, MN, USA",,https://www.minneapolisfirst.org/,Food Shelf,44.9595906,-93.2774147,https://www.hungersolutions.org/find-help/?fwp_categories=food-shelves&fwp_paged=16,2026-09-01,Directory coordinates within county boundary,Listed; operation not independently confirmed
10078,Hennepin,Minnehaha Food Shelf,Minneapolis,"3701 E 50th Street, Minneapolis, MN 55417",612-721-6231,http://www.minnehaha.org/foodshelf.html,Food Shelf,44.912619,-93.218943,https://www.hungersolutions.org/find-help/?fwp_categories=food-shelves&fwp_paged=16,2026-09-01,Directory coordinates within county boundary,Listed; operation not independently confirmed
10088,Hennepin,NEAR Food Shelf,Crystal,"5209 W Broadway, Crystal, MN 55429",763-533-2836,http://www.nearfoodshelf.org/,Food Shelf,45.05837,-93.374083,https://www.hungersolutions.org/find-help/?fwp_categories=food-shelves&fwp_paged=16,2026-09-01,Directory coordinates within county boundary,Listed; operation not independently confirmed
20575,Hennepin,Nativity of Mary Free Food Giveaway,Bloomington,"9900 Lyndale Avenue South, Bloomington, MN 55420, USA",952-767-5521,,Food Shelf,44.8233531,-93.2902057,https://www.hungersolutions.org/find-help/?fwp_categories=food-shelves&fwp_paged=16,2026-09-01,Directory coordinates within county boundary,Listed; operation not independently confirmed
10094,Hennepin,New Creation Baptist Church,Minneapolis,"1414 E 48th St, Minneapolis, MN 55417, USA",612-825-6933,https://newcreationbaptistchurchmn.org/food-shelf,Food Shelf,44.9162655,-93.2540209,https://www.hungersolutions.org/find-help/?fwp_categories=food-shelves&fwp_paged=17,2026-09-01,Directory coordinates within county boundary,Listed; operation not independently confirmed
20569,Hennepin,North Hennepin Community College – Brooklyn Park,Brooklyn Park,"7411 85th Ave N, Brooklyn Park, MN, USA",763-493-0502,https://www.nhcc.edu/student-resources/counseling-and-basic-needs/food-cupboard,Food Shelf,45.1078835,-93.3759524,https://www.hungersolutions.org/find-help/?fwp_categories=food-shelves&fwp_paged=17,2026-09-01,Directory coordinates within county boundary,Listed; operation not independently confirmed
10107,Hennepin,Northpoint Health & Wellness Center,Minneapolis,"2220 Plymouth Ave N, Minneapolis, MN, USA",612-767-9500,http://www.northpointhealth.org/community-food-shelf,Food Shelf,44.9922135,-93.3089602,https://www.hungersolutions.org/find-help/?fwp_categories=food-shelves&fwp_paged=17,2026-09-01,Directory coordinates within county boundary,Listed; operation not independently confirmed
21196,Hennepin,Nutritious U Food Pantry- Coffman Memorial Union,Minneapolis,"300 Washington Ave SE, Minneapolis, MN 55455, USA",651-271-0189,https://boynton.umn.edu/food-pantry,Food Shelf,44.9729099,-93.2351426,https://www.hungersolutions.org/find-help/?fwp_categories=food-shelves&fwp_paged=18,2026-09-01,Directory coordinates within county boundary,Listed; operation not independently confirmed
21521,Hennepin,Nutritious U Food Pantry- West Bank Skyway,Minneapolis,"219 19th Ave S, Minneapolis, MN 55455, USA",651-271-0189,https://boynton.umn.edu/food-pantry,Food Shelf,44.9728868,-93.2432975,https://www.hungersolutions.org/find-help/?fwp_categories=food-shelves&fwp_paged=18,2026-09-01,Directory coordinates within county boundary,Listed; operation not independently confirmed
10113,Hennepin,Operation Living Hope,Minneapolis,"2201 Girard Ave North, Minneapolis, MN 55411",763-227-2438,,Food Shelf,45.002015,-93.297647,https://www.hungersolutions.org/find-help/?fwp_categories=food-shelves&fwp_paged=18,2026-09-01,Directory coordinates within county boundary,Listed; operation not independently confirmed
9886,Hennepin,P.U.C. Brian Coyle Center Food Shelf,Minneapolis,"420 15th Ave S, Minneapolis, MN 55454",612-338-5282,https://pillsburyunited.org/site/brian-coyle/,Food Shelf,44.970509,-93.249899,https://www.hungersolutions.org/find-help/?fwp_categories=food-shelves&fwp_paged=19,2026-09-01,Directory coordinates within county boundary,Listed; operation not independently confirmed
21194,Hennepin,PALISADE MOBILE PANTRY,Minneapolis,"7th Avenue North, Minneapolis, MN, USA",218-326-4420,https://secondharvestnorthland.org/find-food/mobile-food-pantry-program/,Food Shelf,44.9851644,-93.29818,https://www.hungersolutions.org/find-help/?fwp_categories=food-shelves&fwp_paged=19,2026-09-01,Directory coordinates within county boundary,Listed; operation not independently confirmed
21191,Hennepin,PICA – McKnight Center Food Shelf,Minneapolis,"4225 3rd Ave S, Minneapolis, MN, USA",612-825-7422,,Food Shelf,44.9260055,-93.2714317,https://www.hungersolutions.org/find-help/?fwp_categories=food-shelves&fwp_paged=19,2026-09-01,Directory coordinates within county boundary,Listed; operation not independently confirmed
10130,Hennepin,PRISM Marketplace Food Shelf,Golden Valley,"1220 Zane Ave North, Golden Valley, MN 55422",763-529-1350,https://www.prismmpls.org/,Food Shelf,44.9916867,-93.35548,https://www.hungersolutions.org/find-help/?fwp_categories=food-shelves&fwp_paged=19,2026-09-01,Directory coordinates within county boundary,Listed; operation not independently confirmed
10133,Hennepin,PROP Food Shelf,Eden Prairie,"14700 Martin Drive, Eden Prairie, MN 55344",952-937-9120,https://propfood.org/food-programs/,Food Shelf,44.856836,-93.460226,https://www.hungersolutions.org/find-help/?fwp_categories=food-shelves&fwp_paged=20,2026-09-01,Directory coordinates within county boundary,Listed; operation not independently confirmed
21189,Hennepin,"Rescue Now Services, Inc",Minneapolis,"697 13th Ave NE, Minneapolis, MN, USA",612-788-4829,https://goodworksfoodshelf.org/,Food Shelf,45.0012567,-93.2529711,https://www.hungersolutions.org/find-help/?fwp_categories=food-shelves&fwp_paged=20,2026-09-01,Directory coordinates within county boundary,Listed; operation not independently confirmed
10147,Hennepin,RiverWorks Food Shelf,Rockford,"8230 Cedar Street, Rockford, MN 55373",763-477-6098,https://riverworksonline.org/food-shelf/,Food Shelf,45.0893674,-93.7329774,https://www.hungersolutions.org/find-help/?fwp_categories=food-shelves&fwp_paged=20,2026-09-01,Directory coordinates within county boundary,Listed; operation not independently confirmed
19788,Hennepin,Riverside Church,Minneapolis,"3401 Boardman Street, Minneapolis, MN, USA",763-318-9084,,Food Shelf,44.9041706,-93.222667,https://www.hungersolutions.org/find-help/?fwp_categories=food-shelves&fwp_paged=20,2026-09-01,Directory coordinates within county boundary,Listed; operation not independently confirmed
10152,Hennepin,Sabathani Community Center Food Distribution Center,Minneapolis,"310 E 38th Street (lower level), Minneapolis, MN 55409",612-821-2396,https://sabathani.org/food-distribution,Food Shelf,44.935046,-93.271715,https://www.hungersolutions.org/find-help/?fwp_categories=food-shelves&fwp_paged=21,2026-09-01,Directory coordinates within county boundary,Listed; operation not independently confirmed
10170,Hennepin,Salvation Army North Minneapolis Food Shelf,Minneapolis,"2024 Lyndale Ave N, Minneapolis, MN 55411",612-522-4871,https://centralusa.salvationarmy.org/northern/NorthMinneapolis,Food Shelf,44.999891,-93.287549,https://www.hungersolutions.org/find-help/?fwp_categories=food-shelves&fwp_paged=21,2026-09-01,Directory coordinates within county boundary,Listed; operation not independently confirmed
10172,Hennepin,Salvation Army South Office,Minneapolis,"1604 E Lake Street, Minneapolis, MN 55407",(612) 767-2705,https://centralusa.salvationarmy.org/northern/SouthMinneapolis/,Food Shelf,44.948367,-93.251141,https://www.hungersolutions.org/find-help/?fwp_categories=food-shelves&fwp_paged=22,2026-09-01,Directory coordinates within county boundary,Listed; operation not independently confirmed
21511,Hennepin,Sanneh Warehouse,Minneapolis,"2323 Snelling Ave, Minneapolis, MN 55404, USA",651-690-4855,https://www.thesannehfoundation.org/,Food Shelf,44.9594345,-93.2435656,https://www.hungersolutions.org/find-help/?fwp_categories=food-shelves&fwp_paged=22,2026-09-01,Directory coordinates within county boundary,Listed; operation not independently confirmed
10179,Hennepin,Seek the Truth Ministries,Bloomington,"7836 2nd Ave S, Bloomington, MN 55420",651-705-5040,,Food Shelf,44.85996,-93.27472,https://www.hungersolutions.org/find-help/?fwp_categories=food-shelves&fwp_paged=23,2026-09-01,Directory coordinates within county boundary,Listed; operation not independently confirmed
10185,Hennepin,Senior Food Shelf,Minneapolis,"1801 Central Ave NE, Minneapolis, MN 55418",612-788-9521,https://www.esns.org/metrofoodprograms,Food Shelf,45.0063104,-93.2466479,https://www.hungersolutions.org/find-help/?fwp_categories=food-shelves&fwp_paged=23,2026-09-01,Directory coordinates within county boundary,Listed; operation not independently confirmed
13649,Hennepin,Serenity Village Community Church,Crystal,"4100 Douglas Dr N, Crystal, MN 55422, USA",763-533-3929,https://serenityvillagecc.org/,Food Shelf,45.0298763,-93.3595932,https://www.hungersolutions.org/find-help/?fwp_categories=food-shelves&fwp_paged=23,2026-09-01,Directory coordinates within county boundary,Listed; operation not independently confirmed
10186,Hennepin,Sharing & Caring Hands,Minneapolis,"525 North 7th Street, Minneapolis, MN 55405",612-338-4640,https://sharingandcaringhands.org/day-services,Food Shelf,44.980379,-93.23003,https://www.hungersolutions.org/find-help/?fwp_categories=food-shelves&fwp_paged=23,2026-09-01,Directory coordinates within county boundary,Listed; operation not independently confirmed
17762,Hennepin,Shiloh Cares Food Shelf,Minneapolis,"1201 West Broadway Avenue, Minneapolis, MN, USA",612) 302-1463,https://www.facebook.com/ShilohCaresFoodShelf,Food Shelf,44.998771,-93.2965207,https://www.hungersolutions.org/find-help/?fwp_categories=food-shelves&fwp_paged=23,2026-09-01,Directory coordinates within county boundary,Listed; operation not independently confirmed
10191,Hennepin,Simpson Food Shelf,Minneapolis,"2609 Stevens Avenue South, Minneapolis, MN 55408, USA",612-874-7741,https://www.facebook.com/SimpsonChurchMN/,Food Shelf,44.9551281,-93.2751544,https://www.hungersolutions.org/find-help/?fwp_categories=food-shelves&fwp_paged=23,2026-09-01,Directory coordinates within county boundary,Listed; operation not independently confirmed
17761,Hennepin,Source MN Food Shelf,Minneapolis,"2609 Stevens Ave, Minneapolis, MN 55408, USA",(612) 822-5200,https://sourcemn.org/,Food Shelf,44.9551198,-93.2751478,https://www.hungersolutions.org/find-help/?fwp_categories=food-shelves&fwp_paged=24,2026-09-01,Directory coordinates within county boundary,Listed; operation not independently confirmed
10206,Hennepin,St. Louis Park Emergency Program (STEP) Food Shelf,St. Louis Park,"6812 W Lake Street, St. Louis Park, MN 55426",952-925-4899,https://www.stepslp.org/food-shelf,Food Shelf,44.938339,-93.364833,https://www.hungersolutions.org/find-help/?fwp_categories=food-shelves&fwp_paged=24,2026-09-01,Directory coordinates within county boundary,Listed; operation not independently confirmed
18309,Hennepin,St. Olaf Lutheran Church- Food Shelf,Minneapolis,"2901 N Emerson Ave, Minneapolis, MN, USA",612-529-7726,,Food Shelf,45.0097456,-93.2946937,https://www.hungersolutions.org/find-help/?fwp_categories=food-shelves&fwp_paged=24,2026-09-01,Directory coordinates within county boundary,Listed; operation not independently confirmed
18549,Hennepin,Taskforce INC,Brooklyn Center,"6040 Earle Brown Dr, Brooklyn Center, MN, USA",(763) 777-1803,https://www.facebook.com/people/Task-Force-Inc/100087894057091/,Food Shelf,45.0652811,-93.3009779,https://www.hungersolutions.org/find-help/?fwp_categories=food-shelves&fwp_paged=25,2026-09-01,Directory coordinates within county boundary,Listed; operation not independently confirmed
10210,Hennepin,Teamsters Joint Council 32 Food Shelf,Minneapolis,"3001 University Ave SE, Minneapolis, MN 55414",612-378-0446,http://www.teamstersjc32.org/?zone=/unionactive/view_article.cfm&HomeID=207600&page=Member20Services,Food Shelf,44.970471,-93.213988,https://www.hungersolutions.org/find-help/?fwp_categories=food-shelves&fwp_paged=25,2026-09-01,Directory coordinates within county boundary,Listed; operation not independently confirmed
9867,Hennepin,The Aliveness Project,Minneapolis,"3808 Nicollet Ave, Minneapolis, MN 55409",(612) 822-7946,https://aliveness.org/,Food Shelf,44.934145,-93.263668,https://www.hungersolutions.org/find-help/?fwp_categories=food-shelves&fwp_paged=25,2026-09-01,Directory coordinates within county boundary,Listed; operation not independently confirmed
10998,Hennepin,The Salvation Army – Temple Corps,Minneapolis,"1604 E Lake Street, Minneapolis, MN 55407",612-721-1513,https://centralusa.salvationarmy.org/northern/SouthMinneapolis/programs-and-services/,Food Shelf,44.948656,-93.250781,https://www.hungersolutions.org/find-help/?fwp_categories=food-shelves&fwp_paged=25,2026-09-01,Directory coordinates within county boundary,Listed; operation not independently confirmed
10895,Hennepin,The Salvation Army- Noble,Brooklyn Park,"10011 Noble Parkway, Brooklyn Park, MN 55443",763-425-0517,https://centralusa.salvationarmy.org/northern/brooklynpark/,Food Shelf,45.137142,-93.338612,https://www.hungersolutions.org/find-help/?fwp_categories=food-shelves&fwp_paged=26,2026-09-01,Directory coordinates within county boundary,Listed; operation not independently confirmed
20758,Hennepin,The Sanneh Foundation- CUHCC,Minneapolis,"2001 Bloomington Ave, Minneapolis, MN 55404, USA",651-690-4855,https://thesannehfoundation.org/programs/nutritional-services/,Food Shelf,44.9620691,-93.2518308,https://www.hungersolutions.org/find-help/?fwp_categories=food-shelves&fwp_paged=26,2026-09-01,Directory coordinates within county boundary,Listed; operation not independently confirmed
17749,Hennepin,The Sanneh Foundation-Corcoran Park,Minneapolis,"3334 20th Ave S, Minneapolis, MN 55407, USA",(651) 690-4855 ext 1,https://thesannehfoundation.org/programs/nutritional-services/,Food Shelf,44.941775,-93.2441815,https://www.hungersolutions.org/find-help/?fwp_categories=food-shelves&fwp_paged=26,2026-09-01,Directory coordinates within county boundary,Listed; operation not independently confirmed
20641,Hennepin,Urban Refuge Drop-in Center,Minneapolis,"5501 Chicago Ave, Minneapolis, MN 55417, USA",(612) 338-7226,,Food Shelf,44.9031759,-93.2622224,https://www.hungersolutions.org/find-help/?fwp_categories=food-shelves&fwp_paged=27,2026-09-01,Directory coordinates within county boundary,Listed; operation not independently confirmed
10229,Hennepin,VEAP Food Pantry,Bloomington,"9600 Aldrich Ave S, Bloomington, MN 55420",952-888-9616,https://veap.org/,Food Shelf,44.829324,-93.290843,https://www.hungersolutions.org/find-help/?fwp_categories=food-shelves&fwp_paged=27,2026-09-01,Directory coordinates within county boundary,Listed; operation not independently confirmed
10230,Hennepin,VEAP Mobile at Dar Al-Farooq,Minneapolis,"8201 Park Ave S, Minneapolis, MN 55420",952-888-9616,https://veap.org/mobile-food/,Food Shelf,44.8546311,-93.264384,https://www.hungersolutions.org/find-help/?fwp_categories=food-shelves&fwp_paged=27,2026-09-01,Directory coordinates within county boundary,Listed; operation not independently confirmed
19672,Hennepin,VEAP Mobile at Seasons Park Apartments,Richfield,"951 E 77th St, Richfield, MN 55423, USA",952-888-9616,https://veap.org/mobile-food/,Food Shelf,44.8633335,-93.2607814,https://www.hungersolutions.org/find-help/?fwp_categories=food-shelves&fwp_paged=27,2026-09-01,Directory coordinates within county boundary,Listed; operation not independently confirmed
17650,Hennepin,VEAP Mobile at St. Nicholas Episcopal Church,Richfield,"7227 Penn Ave S, Richfield, MN 55423, USA",952-888-9616,https://veap.org/mobile-food/,Food Shelf,44.8716094,-93.3081665,https://www.hungersolutions.org/find-help/?fwp_categories=food-shelves&fwp_paged=27,2026-09-01,Directory coordinates within county boundary,Listed; operation not independently confirmed
10239,Hennepin,Waite House Food Shelf,Minneapolis,"2323 11th Ave South, Minneapolis, MN 55404",612-721-1681,https://pillsburyunited.org/programs/food-distribution/,Food Shelf,44.95959,-93.2572572,https://www.hungersolutions.org/find-help/?fwp_categories=food-shelves&fwp_paged=27,2026-09-01,Directory coordinates within county boundary,Listed; operation not independently confirmed
13273,Hennepin,WeCAN Mobile Market,Mound,"5213 Shoreline Dr, Mound, MN 55364, USA",(952) 472-0742,https://www.wecanmn.org/mobile-market,Food Shelf,44.9366327,-93.656455,https://www.hungersolutions.org/find-help/?fwp_categories=food-shelves&fwp_paged=28,2026-09-01,Directory coordinates within county boundary,Listed; operation not independently confirmed
10249,Hennepin,Westonka Community Food Shelf,Mound,"2443 Commerce Boulevard, Mound, MN 55364",952-472-5599,https://westonkacommunityfoodshelf.squarespace.com/,Food Shelf,44.934517,-93.666991,https://www.hungersolutions.org/find-help/?fwp_categories=food-shelves&fwp_paged=28,2026-09-01,Directory coordinates within county boundary,Listed; operation not independently confirmed
17698,Hennepin,Youth Link Food Shelf,Minneapolis,"41 North 12th Street, Minneapolis, MN, USA",(612) 252-1200,https://ysnmn.org/Detail/Program/1030,Food Shelf,44.9766882,-93.2817808,https://www.hungersolutions.org/find-help/?fwp_categories=food-shelves&fwp_paged=28,2026-09-01,Directory coordinates within county boundary,Listed; operation not independently confirmed
10010,Houston,Hokah Area Food Shelf,Hokah,"57 Main Street, Hokah, MN 55941",608-799-1065,,Food Shelf,43.7593637,-91.3460606,https://www.hungersolutions.org/find-help/?fwp_categories=food-shelves&fwp_paged=11,2026-09-01,Directory coordinates within county boundary,Listed; operation not independently confirmed
10015,Houston,Houston Community Food Shelf,Houston,"118 Lincoln Street S, Houston, MN 55943",507-951-8649,https://www.facebook.com/HoustonCommunityFoodShelf/,Food Shelf,43.763019,-91.570303,https://www.hungersolutions.org/find-help/?fwp_categories=food-shelves&fwp_paged=12,2026-09-01,Directory coordinates within county boundary,Listed; operation not independently confirmed
10044,Houston,La Crescent Food Shelf,La Crescent,"436 6th St S, La Crescent, MN 55947, USA",507-895-1115,https://hcp.lacrescenthcp.org/programs/la-crescent-food-shelf,Food Shelf,43.8233966,-91.307804,https://www.hungersolutions.org/find-help/?fwp_categories=food-shelves&fwp_paged=13,2026-09-01,Directory coordinates within county boundary,Listed; operation not independently confirmed
10180,Houston,SEMCAC Houston County Food Shelf,Caledonia,"138 E Main Street, Caledonia, MN 55921",507-725-3677,https://www.semcac.org/outreach-services/food-shelves/,Food Shelf,43.634596,-91.496624,https://www.hungersolutions.org/find-help/?fwp_categories=food-shelves&fwp_paged=23,2026-09-01,Directory coordinates within county boundary,Listed; operation not independently confirmed
9864,Hubbard,Akeley/Nevis Community Food Shelf,Akeley,"6 Broadway Street East, Akeley, MN 56433, USA",218-652-2388,http://www.akeleymn.com/foodshelf/,Food Shelf,47.0038788,-94.7288805,https://www.hungersolutions.org/find-help/?fwp_categories=food-shelves&fwp_paged=1,2026-09-01,Directory coordinates within county boundary,Listed; operation not independently confirmed
10016,Hubbard,Hubbard County Food Shelf,Park Rapids,"308 Pleasant Ave. S., Park Rapids, MN 56470 - 1419",218-732-1282,https://hubbardcountyfoodshelf.org/,Food Shelf,46.9195622,-95.0610675,https://www.hungersolutions.org/find-help/?fwp_categories=food-shelves&fwp_paged=12,2026-09-01,Directory coordinates within county boundary,Listed; operation not independently confirmed
10049,Hubbard,Laporte Community Food Shelf,Laporte,"150 2nd Street NE, Laporte, MN 56461",218-224-2417,https://www.facebook.com/LaporteCFS/,Food Shelf,47.2162961,-94.7503199,https://www.hungersolutions.org/find-help/?fwp_categories=food-shelves&fwp_paged=14,2026-09-01,Directory coordinates within county boundary,Listed; operation not independently confirmed
9884,Isanti,Braham Area Food Shelf,Braham,"655 8th St SW, Braham, MN 55006, USA",320-425-9077,https://www.tusentack.org/braham-food-shelf,Food Shelf,45.7158647,-93.1837173,https://www.hungersolutions.org/find-help/?fwp_categories=food-shelves&fwp_paged=2,2026-09-01,Directory coordinates within county boundary,Listed; operation not independently confirmed
9957,Isanti,Family Pathways Cambridge Food Shelf,Cambridge,"1575 1st Ave E, Cambridge, MN 55008",763-552-3663,https://www.familypathways.org/our-work/food-access/food-shelves/,Food Shelf,45.572731,-93.205136,https://www.hungersolutions.org/find-help/?fwp_categories=food-shelves&fwp_paged=7,2026-09-01,Directory coordinates within county boundary,Listed; operation not independently confirmed
13110,Isanti,Family Pathways Mobile Food Truck,Cambridge,"1575 1st Ave E, Cambridge, MN 55008, USA",763-552-3663,https://www.familypathways.org/mobile-food/,Food Shelf,45.572151,-93.2050726,https://www.hungersolutions.org/find-help/?fwp_categories=food-shelves&fwp_paged=7,2026-09-01,Directory coordinates within county boundary,Listed; operation not independently confirmed
10023,Isanti,Isanti County Food Pantry,Cambridge,"304 S Main Street, First Baptist Church, Cambridge, MN 55008",763-689-1107,,Food Shelf,45.5706193,-93.2241965,https://www.hungersolutions.org/find-help/?fwp_categories=food-shelves&fwp_paged=12,2026-09-01,Directory coordinates within county boundary,Listed; operation not independently confirmed
9939,Itasca,Deer River Area Food Shelf,Deer River,"Goodall Resource Center
1049 Comstock Drive, Deer River, MN 56636",(218) 246-2500,https://www.facebook.com/DeerRiverAreaFoodShelf/,Food Shelf,47.344443,-93.794391,https://www.hungersolutions.org/find-help/?fwp_categories=food-shelves&fwp_paged=6,2026-09-01,Directory coordinates within county boundary,Listed; operation not independently confirmed
13268,Itasca,Fathers Hearts and Hands Food Shelf at Solid Rock Church of God,Grand Rapids,"555 La Prairie Ave, Grand Rapids, MN 55744, USA",,,Food Shelf,47.2275354,-93.4898607,https://www.hungersolutions.org/find-help/?fwp_categories=food-shelves&fwp_paged=7,2026-09-01,Directory coordinates within county boundary,Listed; operation not independently confirmed
19603,Itasca,Kootasca Mall Food Shelf,Grand Rapids,"2001 NW 4th St suite 130, Grand Rapids, MN 55744, USA",(218) 999-0800,http://www.kootasca.org/,Food Shelf,47.2403106,-93.5653264,https://www.hungersolutions.org/find-help/?fwp_categories=food-shelves&fwp_paged=13,2026-09-01,Directory coordinates within county boundary,Listed; operation not independently confirmed
10091,Itasca,Neighbors Helping Neighbors Food Shelf,Nashwauk,"301 Central Ave (lower level), Nashwauk, MN 55769",218-885-4021,,Food Shelf,47.3819444,-93.1655556,https://www.hungersolutions.org/find-help/?fwp_categories=food-shelves&fwp_paged=17,2026-09-01,Directory coordinates within county boundary,Listed; operation not independently confirmed
10104,Itasca,North Itasca Emergency Food Shelf,Bigfork,"200 Main Ave, Bigfork, MN 56628, USA",218-259-5884,https://www.facebook.com/people/Bigfork-Food-Shelf-NIEFS/100064583988431/,Food Shelf,47.7439906,-93.6549057,https://www.hungersolutions.org/find-help/?fwp_categories=food-shelves&fwp_paged=17,2026-09-01,Directory coordinates within county boundary,Listed; operation not independently confirmed
10112,Itasca,Open Hands Open Hearts,Nashwauk,"119 - 2nd Street, Nashwauk, MN 55769",218-885-3969,,Food Shelf,47.380236,-93.16714,https://www.hungersolutions.org/find-help/?fwp_categories=food-shelves&fwp_paged=18,2026-09-01,Directory coordinates within county boundary,Listed; operation not independently confirmed
20842,Itasca,Second Harvest Mobile Food Shelf-Big Fork,Bigfork,"300 Main Street, Bigfork, MN, USA",218-256-4170,https://secondharvestnorthland.org/,Food Shelf,47.7448645,-93.6543743,https://www.hungersolutions.org/find-help/?fwp_categories=food-shelves&fwp_paged=22,2026-09-01,Directory coordinates within county boundary,Listed; operation not independently confirmed
10178,Itasca,Second Harvest Northland West Facility,Grand Rapids,"2222 Cromell Drive, Grand Rapids, MN 55744",218-326-4420,https://secondharvestnorthland.org/,Food Shelf,47.226046,-93.496776,https://www.hungersolutions.org/find-help/?fwp_categories=food-shelves&fwp_paged=22,2026-09-01,Directory coordinates within county boundary,Listed; operation not independently confirmed
20825,Itasca,Second Harvest Northland: Ball Club,Deer River,"30995 Arctic Rd, Deer River, MN, USA",218-326-4420,https://secondharvestnorthland.org/,Food Shelf,47.3243243,-93.9361295,https://www.hungersolutions.org/find-help/?fwp_categories=food-shelves&fwp_paged=22,2026-09-01,Directory coordinates within county boundary,Listed; operation not independently confirmed
20895,Itasca,Second Harvest Northland: Itasca County,Squaw Lake,"51272 State Hwy 46, Squaw Lake, MN, USA",,https://northernlakesfoodbank.org/find-food/mobile-food-pantry-program/,Food Shelf,47.61782,-94.132358,https://www.hungersolutions.org/find-help/?fwp_categories=food-shelves&fwp_paged=23,2026-09-01,Directory coordinates within county boundary,Listed; operation not independently confirmed
20898,Itasca,Second Harvest Northland: Itasca County,Inger,"53714 County Road 146, Inger, MN, USA",,https://northernlakesfoodbank.org/find-food/mobile-food-pantry-program/,Food Shelf,47.5529793,-93.9806711,https://www.hungersolutions.org/find-help/?fwp_categories=food-shelves&fwp_paged=23,2026-09-01,Directory coordinates within county boundary,Listed; operation not independently confirmed
10006,Jackson,Heron Lake – Okabena Food Shelf,Heron Lake,"400 9th St, Heron Lake, MN 56137, USA",507-537-1416,https://www.unitedcapmn.org/services/community-family-services/food-assistance/,Food Shelf,43.7941876,-95.3171802,https://www.hungersolutions.org/find-help/?fwp_categories=food-shelves&fwp_paged=11,2026-09-01,Directory coordinates within county boundary,Listed; operation not independently confirmed
13033,Jackson,"Jackson Food Shelf, Inc",Jackson,"1229 N Hwy, Jackson, MN 56143, USA",(507) 841-1246,https://www.facebook.com/pg/JacksonCountyFoodShelf/about/?ref=page_internal,Food Shelf,43.623258,-95.000292,https://www.hungersolutions.org/find-help/?fwp_categories=food-shelves&fwp_paged=13,2026-09-01,Directory coordinates within county boundary,Listed; operation not independently confirmed
9969,Jackson,Lakefield Food Shelf,Lakefield,"410 Broadway Avenue, Lakefield, MN, USA",507-841-3350,https://www.facebook.com/lakefieldmnfoodshelf/,Food Shelf,43.6759515,-95.1687048,https://www.hungersolutions.org/find-help/?fwp_categories=food-shelves&fwp_paged=14,2026-09-01,Directory coordinates within county boundary,Listed; operation not independently confirmed
10082,Kanabec,Mora Food Pantry,Mora,"214 NW Railroad, Mora, MN 55051",320-679-5513,https://www.facebook.com/morafoodpantry/,Food Shelf,45.876768,-93.29877,https://www.hungersolutions.org/find-help/?fwp_categories=food-shelves&fwp_paged=16,2026-09-01,Directory coordinates within county boundary,Listed; operation not independently confirmed
10111,Kanabec,Ogilvie Food Shelf,Ogilvie,"225 E George St, Ogilvie, MN 56358, USA",(320) 703-8025,https://www.facebook.com/profile.php?id=100067206874732,Food Shelf,45.8341602,-93.4237054,https://www.hungersolutions.org/find-help/?fwp_categories=food-shelves&fwp_paged=18,2026-09-01,Directory coordinates within county boundary,Listed; operation not independently confirmed
20897,Kanabec,Second Harvest Northland: Kanabec County,Ogilvie,"333 School Dr, Ogilvie, MN, USA",,https://northernlakesfoodbank.org/find-food/mobile-food-pantry-program/,Food Shelf,45.8267284,-93.4327751,https://www.hungersolutions.org/find-help/?fwp_categories=food-shelves&fwp_paged=23,2026-09-01,Directory coordinates within county boundary,Listed; operation not independently confirmed
13947,Kandiyohi,Hawk Creek Animal Shelter,Willmar,"250 28th Street Southwest, Willmar, MN, USA",320-235-7612,https://www.thehskmc.com/,Food Shelf,45.1208211,-95.0786873,https://www.hungersolutions.org/find-help/?fwp_categories=food-shelves&fwp_paged=11,2026-09-01,Directory coordinates within county boundary,Listed; operation not independently confirmed
10032,Kandiyohi,Kandiyohi County Food Shelf,Willmar,"624 Pacific Ave SW, Willmar, MN 56201",320-235-2641,http://kandiyohicountyfoodshelf.com/,Food Shelf,45.122192,-95.051622,https://www.hungersolutions.org/find-help/?fwp_categories=food-shelves&fwp_paged=13,2026-09-01,Directory coordinates within county boundary,Listed; operation not independently confirmed
13463,Kandiyohi,The Link Food Pantry,New London,"20 Central Avenue East, New London, MN 56273, USA",320-354-5465,https://www.youarethelink.org/,Food Shelf,45.3011988,-94.9432129,https://www.hungersolutions.org/find-help/?fwp_categories=food-shelves&fwp_paged=25,2026-09-01,Directory coordinates within county boundary,Listed; operation not independently confirmed
18550,Kittson,HannahRays Food Pantry,Lake Bronson,"106 Main St, Lake Bronson, MN 56734, USA",253-227-8376,,Food Shelf,48.7354172,-96.6634488,https://www.hungersolutions.org/find-help/?fwp_categories=food-shelves&fwp_paged=10,2026-09-01,Directory coordinates within county boundary,Listed; operation not independently confirmed
13002,Kittson,The Cornerstone Food Pantry,Hallock,"321 South Birch Avenue, Hallock, MN 56728, USA",(218) 843-3665,https://www.facebook.com/cornerstonefoodpantry/,Food Shelf,48.7729949,-96.9439425,https://www.hungersolutions.org/find-help/?fwp_categories=food-shelves&fwp_paged=25,2026-09-01,Directory coordinates within county boundary,Listed; operation not independently confirmed
9956,Koochiching,KCFA Food Shelf,International Falls,"Boarderland Alano Club, 410 5th Ave, International Falls, MN 56649, USA",218-283-8020,https://kcfoodaccess.org/,Food Shelf,48.6012836,-93.4070416,https://www.hungersolutions.org/find-help/?fwp_categories=food-shelves&fwp_paged=13,2026-09-01,Directory coordinates within county boundary,Listed; operation not independently confirmed
10106,Koochiching,Northome Community Food Shelf,Northome,"12059 Main Street, Northome, MN 56661",218-553-1594,https://www.facebook.com/pg/NorthomeFoodshelf/about/?ref=page_internal,Food Shelf,47.8767548,-94.1147372,https://www.hungersolutions.org/find-help/?fwp_categories=food-shelves&fwp_paged=17,2026-09-01,Directory coordinates within county boundary,Listed; operation not independently confirmed
21170,Koochiching,Rainy River Community College School Pantry-Falls Hunger Coalition,International Falls,"1801 U.S. 71, International Falls, MN, USA",218-283-8020,,Food Shelf,48.5913564,-93.4343358,https://www.hungersolutions.org/find-help/?fwp_categories=food-shelves&fwp_paged=20,2026-09-01,Directory coordinates within county boundary,Listed; operation not independently confirmed
10166,Koochiching,Salvation Army International Falls,International Falls,"1301 3rd Ave W, International Falls, MN 56649",218-283-3394,https://centralusa.salvationarmy.org/northern/InternationalFalls/programs-and-services/,Food Shelf,48.592848,-93.394554,https://www.hungersolutions.org/find-help/?fwp_categories=food-shelves&fwp_paged=21,2026-09-01,Directory coordinates within county boundary,Listed; operation not independently confirmed
20839,Koochiching,Second Harvest Northland: Big Falls Mobile Pantry,Big Falls,"410 2nd St SW, Big Falls, MN, USA",218-326-4420,https://secondharvestnorthland.org/,Food Shelf,48.1914144,-93.806415,https://www.hungersolutions.org/find-help/?fwp_categories=food-shelves&fwp_paged=22,2026-09-01,Directory coordinates within county boundary,Listed; operation not independently confirmed
20270,Koochiching,Second Harvest Northland: Birchdale Mobile,Birchdale,"10370 M-11 Birchdale, MN 56629",(218) 326-4420,https://secondharvestnorthland.org/,Food Shelf,48.6265173,-94.0973923,https://www.hungersolutions.org/find-help/?fwp_categories=food-shelves&fwp_paged=22,2026-09-01,Directory coordinates within county boundary,Listed; operation not independently confirmed
20900,Koochiching,Second Harvest Northland: Koochiching County,Birchdale,"10370 MN-11, Birchdale, MN, USA",,https://northernlakesfoodbank.org/find-food/mobile-food-pantry-program/,Food Shelf,48.6265173,-94.0973923,https://www.hungersolutions.org/find-help/?fwp_categories=food-shelves&fwp_paged=23,2026-09-01,Directory coordinates within county boundary,Listed; operation not independently confirmed
10043,Lac qui Parle,Lac Qui Parle Food Shelf,Madison,"308 6th Ave South, Madison, MN 56256",(320) 598-7803,,Food Shelf,45.012502,-96.191662,https://www.hungersolutions.org/find-help/?fwp_categories=food-shelves&fwp_paged=13,2026-09-01,Directory coordinates within county boundary,Listed; operation not independently confirmed
9949,Lake,Elijah’s Pantry,Two Harbors,"501 7th Ave, Two Harbors, MN 55616",218-834-4545,https://www.facebook.com/ElijahsPantry/,Food Shelf,47.025647,-91.669198,https://www.hungersolutions.org/find-help/?fwp_categories=food-shelves&fwp_paged=6,2026-09-01,Directory coordinates within county boundary,Listed; operation not independently confirmed
10190,Lake,Silver Bay Area Food Shelf,Silver Bay,"99 Edison Boulevard, Silver Bay, MN 55614",218-226-4443,https://www.aeoa.org/food-shelves,Food Shelf,47.290338,-91.285961,https://www.hungersolutions.org/find-help/?fwp_categories=food-shelves&fwp_paged=23,2026-09-01,Directory coordinates within county boundary,Listed; operation not independently confirmed
10223,Lake,Two Harbors Area Food Shelf,Two Harbors,"2124 10th St, Two Harbors, MN 55616",218-391-8191,https://thfoodshelf.org/,Food Shelf,47.041246,-91.6773634,https://www.hungersolutions.org/find-help/?fwp_categories=food-shelves&fwp_paged=26,2026-09-01,Directory coordinates within county boundary,Listed; operation not independently confirmed
10047,Lake of the Woods,Lake of the Woods Food Shelf,Baudette,"106 2nd Street NE (at the Lighthouse Building), Baudette, MN 56623",218-324-3397,https://www.facebook.com/LOWFoodShelf/,Food Shelf,48.711494,-94.600171,https://www.hungersolutions.org/find-help/?fwp_categories=food-shelves&fwp_paged=14,2026-09-01,Directory coordinates within county boundary,Listed; operation not independently confirmed
9924,Le Sueur,Cleveland Area Food Shelf,Cleveland,"(Township Hall Basement) 205 4th Street, Cleveland, MN 56017",507-931-5989,,Food Shelf,44.3248214,-93.8373775,https://www.hungersolutions.org/find-help/?fwp_categories=food-shelves&fwp_paged=4,2026-09-01,Directory coordinates within county boundary,Listed; operation not independently confirmed
20807,Le Sueur,Henderson Area Food Share,Henderson,"210 Main St, Henderson, MN 56044, USA",,https://www.facebook.com/groups/2285677604799942/,Food Shelf,44.5290076,-93.9035645,https://www.hungersolutions.org/find-help/?fwp_categories=food-shelves&fwp_paged=11,2026-09-01,Directory coordinates within county boundary,Listed; operation not independently confirmed
10050,Le Sueur,Le Center Food Shelf,Le Center,"15 S Park Ave, Le Center, MN 56057",507-357-4076,,Food Shelf,44.389344,-93.731527,https://www.hungersolutions.org/find-help/?fwp_categories=food-shelves&fwp_paged=14,2026-09-01,Directory coordinates within county boundary,Listed; operation not independently confirmed
10052,Le Sueur,Le Sueur Food Shelf,Le Sueur,"427 South 5th Street, Le Sueur, MN 56058",507-665-2615,https://www.facebook.com/feedingLeSueur/,Food Shelf,44.456097,-93.909097,https://www.hungersolutions.org/find-help/?fwp_categories=food-shelves&fwp_paged=14,2026-09-01,Directory coordinates within county boundary,Listed; operation not independently confirmed
10079,Le Sueur,The Salvation Army – Montgomery Food Shelf,Montgomery,"151 Elm Avenue Southeast, Montgomery, MN 56069, USA",507-291-2905,https://www.facebook.com/MontgomeryFoodShelf/,Food Shelf,44.4369399,-93.5802825,https://www.hungersolutions.org/find-help/?fwp_categories=food-shelves&fwp_paged=25,2026-09-01,Directory coordinates within county boundary,Listed; operation not independently confirmed
13644,Le Sueur,The Village in Waterville,Waterville,"205 N 1st St, Waterville, MN 56096, USA",507-200-8220,https://www.facebook.com/thevillageinwaterville/,Food Shelf,44.2204757,-93.5699605,https://www.hungersolutions.org/find-help/?fwp_categories=food-shelves&fwp_paged=26,2026-09-01,Directory coordinates within county boundary,Listed; operation not independently confirmed
10236,Le Sueur,WE Share Food Shelf,Elysian,"132 East Main Street, Elysian, MN 56028, USA",507-317-0532,https://www.facebook.com/WEShareFoodShelf/,Food Shelf,44.1989529,-93.6737994,https://www.hungersolutions.org/find-help/?fwp_categories=food-shelves&fwp_paged=28,2026-09-01,Directory coordinates within county boundary,Listed; operation not independently confirmed
10025,Lincoln,Ivanhoe Area Food Shelf,Ivanhoe,"401 N Harold Street, Ivanhoe, MN 56142",507-694-1665,,Food Shelf,44.463259,-96.2458528,https://www.hungersolutions.org/find-help/?fwp_categories=food-shelves&fwp_paged=13,2026-09-01,Directory coordinates within county boundary,Listed; operation not independently confirmed
10045,Lincoln,Lake Benton Food Shelf,Lake Benton,"155 South Whitman, Lake Benton, MN 56149",507-368-9302,,Food Shelf,44.261587,-96.278454,https://www.hungersolutions.org/find-help/?fwp_categories=food-shelves&fwp_paged=13,2026-09-01,Directory coordinates within county boundary,Listed; operation not independently confirmed
10224,Lincoln,Tyler Area Food Shelf,Tyler,"148 Bradley St, Tyler, MN 56178, USA",507-247-3955,https://www.facebook.com/TylerAreaFoodShelf/,Food Shelf,44.2775205,-96.136094,https://www.hungersolutions.org/find-help/?fwp_categories=food-shelves&fwp_paged=27,2026-09-01,Directory coordinates within county boundary,Listed; operation not independently confirmed
10040,Lyon,Marshall Kitchen Table Food Shelf,Marshall,"1400 South Saratoga Street, Marshall, MN 56258",507-537-1416 ext 2139,https://www.unitedcapmn.org/programs/community-family-services/food-shelves/,Food Shelf,44.446125,-95.787581,https://www.hungersolutions.org/find-help/?fwp_categories=food-shelves&fwp_paged=15,2026-09-01,Directory coordinates within county boundary,Listed; operation not independently confirmed
21266,Lyon,Mustang Market,Marshall,"1501 State St, Marshall, MN 56258, USA",507-537-7252,http://www.smsu.edu/campuslife/mustangmarket/index,Food Shelf,44.428235,-95.776089,https://www.hungersolutions.org/find-help/?fwp_categories=food-shelves&fwp_paged=16,2026-09-01,Directory coordinates within county boundary,Listed; operation not independently confirmed
10041,Lyon,Tracy Kitchen Table Food Shelf,Tracy,"231 2nd Street, Tracy, MN 56175",507-537-1416,https://www.unitedcapmn.org/programs/community-family-services/food-shelves/,Food Shelf,44.232913,-95.6175863,https://www.hungersolutions.org/find-help/?fwp_categories=food-shelves&fwp_paged=26,2026-09-01,Directory coordinates within county boundary,Listed; operation not independently confirmed
13133,Mahnomen,Helping Hands Emergency Services Food Shelf,Mahnomen,"119 S Main St, Mahnomen, MN 56557, USA",218-935-2822,https://www.helpinghandsfoodshelf.org/,Food Shelf,47.3145231,-95.968882,https://www.hungersolutions.org/find-help/?fwp_categories=food-shelves&fwp_paged=11,2026-09-01,Directory coordinates within county boundary,Listed; operation not independently confirmed
9872,Marshall,Argyle Area Food Shelf,Argyle,"501 3rd Street, Argyle, MN 56713, USA",218-686-1535 or 218-201-0704,https://www.northcountryfoodbank.org/agency/argyle-area-food-shelf/,Food Shelf,48.3330768,-96.8259039,https://www.hungersolutions.org/find-help/?fwp_categories=food-shelves&fwp_paged=1,2026-09-01,Directory coordinates within county boundary,Listed; operation not independently confirmed
9945,Marshall,East Marshall County Emergency Food Shelf,Middle River,"Hill Ave E, Middle River, MN 56737",218-222-3635,,Food Shelf,48.43438,-96.16285,https://www.hungersolutions.org/find-help/?fwp_categories=food-shelves&fwp_paged=6,2026-09-01,Directory coordinates within county boundary,Listed; operation not independently confirmed
9995,Marshall,Grygla-Gatzke Food Shelf,Grygla,"231 E State St, Grygla, MN 56727, USA",(218) 294-6223,https://www.northcountryfoodbank.org/agency/grygla-gatzke-food-shelf/,Food Shelf,48.3000564,-95.6154881,https://www.hungersolutions.org/find-help/?fwp_categories=food-shelves&fwp_paged=10,2026-09-01,Directory coordinates within county boundary,Listed; operation not independently confirmed
10208,Marshall,Strandquist Food Shelf,Strandquist,"202 Main St, Strandquist, MN 56758, USA",218-597-2689,https://www.northcountryfoodbank.org/agency/strandquist-food-shelf/,Food Shelf,48.4903657,-96.4479816,https://www.hungersolutions.org/find-help/?fwp_categories=food-shelves&fwp_paged=24,2026-09-01,Directory coordinates within county boundary,Listed; operation not independently confirmed
10242,Marshall,Warren Emergency Food Shelf,Warren,"109 S Minnesota Ave  Warren, Mn 56762",218-201-0029,https://www.northcountryfoodbank.org/agency/warren-emergency-food-shelf/,Food Shelf,48.1949562,-96.7740731,https://www.hungersolutions.org/find-help/?fwp_categories=food-shelves&fwp_paged=27,2026-09-01,Directory coordinates within county boundary,Listed; operation not independently confirmed
13409,Martin,Heaven’s Table Food Shelf- Sherburn,Sherburn,"212 N Prairie St, Sherburn, MN 56171, USA",,https://www.facebook.com/pages/category/Community-Service/Heavens-Table-Food-Shelf-Sherburn-MN-352341471996792/,Food Shelf,43.6548059,-94.7304725,https://www.hungersolutions.org/find-help/?fwp_categories=food-shelves&fwp_paged=11,2026-09-01,Directory coordinates within county boundary,Listed; operation not independently confirmed
10001,Martin,Heaven’s Table Food Shelf-Fairmont,Fairmont,"909 Winnebago Ave, Fairmont, MN 56031",507-238-5424,https://www.facebook.com/pg/heavenstablefoodshelf/posts/?ref=page_internal,Food Shelf,43.66684,-94.450425,https://www.hungersolutions.org/find-help/?fwp_categories=food-shelves&fwp_paged=11,2026-09-01,Directory coordinates within county boundary,Listed; operation not independently confirmed
10161,Martin,The Salvation Army Fairmont,Fairmont,"303 Downtown Plaza, Fairmont, MN, USA",507-238-9797,https://salvationarmynorth.org/northern/southeastern-minnesota-service-extension,Food Shelf,43.6550422,-94.462848,https://www.hungersolutions.org/find-help/?fwp_categories=food-shelves&fwp_paged=26,2026-09-01,Directory coordinates within county boundary,Listed; operation not independently confirmed
10069,McLeod,McLeod Emergency Food Shelf – Glencoe,Glencoe,"719 13th St E, Glencoe, MN, USA",320-864-2088,https://mcleodemergencyfoodshelf.org/,Food Shelf,44.7724231,-94.152776,https://www.hungersolutions.org/find-help/?fwp_categories=food-shelves&fwp_paged=15,2026-09-01,Directory coordinates within county boundary,Listed; operation not independently confirmed
10070,McLeod,McLeod Emergency Food Shelf – Hutchinson,Hutchinson,"498 Highway 7 East, Hutchinson, MN 55350",320-587-4796,https://mcleodemergencyfoodshelf.org/,Food Shelf,44.889988,-94.370656,https://www.hungersolutions.org/find-help/?fwp_categories=food-shelves&fwp_paged=15,2026-09-01,Directory coordinates within county boundary,Listed; operation not independently confirmed
9938,Meeker,Dassel Area Food Shelf,Dassel,"531 Atlantic Ave West, Dassel, MN 55325",(320) 275-0124,http://www.meekercountyfood.org/,Food Shelf,45.0797433,-94.3106827,https://www.hungersolutions.org/find-help/?fwp_categories=food-shelves&fwp_paged=6,2026-09-01,Directory coordinates within county boundary,Listed; operation not independently confirmed
10071,Meeker,Meeker Area Food Shelf-Litchfield,Litchfield,"118 N Sibley Ave, Litchfield, MN 55355",320-693-7661,http://www.meekercountyfood.org/,Food Shelf,45.127021,-94.528076,https://www.hungersolutions.org/find-help/?fwp_categories=food-shelves&fwp_paged=15,2026-09-01,Directory coordinates within county boundary,Listed; operation not independently confirmed
9962,Mille Lacs,Family Pathways Onamia Food Shelf,Onamia,502 E Main St Onamia MN 56359,218-326-4420,https://www.familypathways.org/our-work/food-access/food-shelves/,Food Shelf,46.0708337,-93.6665031,https://www.hungersolutions.org/find-help/?fwp_categories=food-shelves&fwp_paged=7,2026-09-01,Directory coordinates within county boundary,Listed; operation not independently confirmed
10024,Mille Lacs,Isle Area Food Shelf,Isle,"250 2nd Ave S, Isle, MN 56342, USA",320-630-0995,,Food Shelf,46.137390489654,-93.469179777801,https://www.hungersolutions.org/find-help/?fwp_categories=food-shelves&fwp_paged=12,2026-09-01,Directory coordinates within county boundary,Listed; operation not independently confirmed
10077,Mille Lacs,Milaca Area Pantry,Milaca,"120 2nd Ave SW, Milaca, MN 56353, USA",320-982-3773,https://milacapantry.wixsite.com/milacapantry,Food Shelf,45.7546512,-93.6532779,https://www.hungersolutions.org/find-help/?fwp_categories=food-shelves&fwp_paged=15,2026-09-01,Directory coordinates within county boundary,Listed; operation not independently confirmed
15888,Mille Lacs,Mille Lacs Band of Ojibwe Food Shelf: District 1- Food Distribution Program Building,Onamia,"18562 Minobimaadizi Loop, Onamia, MN 56359",320) 532-7880,,Food Shelf,46.1970835,-93.7903169,https://www.hungersolutions.org/find-help/?fwp_categories=food-shelves&fwp_paged=15,2026-09-01,Directory coordinates within county boundary,Listed; operation not independently confirmed
10129,Mille Lacs,Princeton Food Pantry- 6th Ave,Princeton,"104 6th Ave S, Princeton, MN 55371",763-631-3578,https://sites.google.com/princetonpantrymn.com/princetonpantry/home,Food Shelf,45.569682,-93.581657,https://www.hungersolutions.org/find-help/?fwp_categories=food-shelves&fwp_paged=19,2026-09-01,Directory coordinates within county boundary,Listed; operation not independently confirmed
18823,Mille Lacs,Princeton Food Pantry- Mall Location,Princeton,"120 N Rum River Dr, Princeton, MN 55371, USA",763-631-3578,https://sites.google.com/princetonpantrymn.com/princetonpantry/home,Food Shelf,45.5705916,-93.5792295,https://www.hungersolutions.org/find-help/?fwp_categories=food-shelves&fwp_paged=19,2026-09-01,Directory coordinates within county boundary,Listed; operation not independently confirmed
20902,Mille Lacs,Second Harvest Northland: Mille Lacs County,Onamia,"16745 Shaw Bosh Kung Dr, Onamia, MN, USA",,https://northernlakesfoodbank.org/find-food/mobile-food-pantry-program/,Food Shelf,46.2042455,-93.7613239,https://www.hungersolutions.org/find-help/?fwp_categories=food-shelves&fwp_paged=23,2026-09-01,Directory coordinates within county boundary,Listed; operation not independently confirmed
10083,Morrison,Morrison County Food Shelf,Little Falls,"912 - 1st Ave SW, Little Falls, MN 56345",320-632-8304,https://www.facebook.com/MCfoodshelf/,Food Shelf,45.975913,-94.382137,https://www.hungersolutions.org/find-help/?fwp_categories=food-shelves&fwp_paged=16,2026-09-01,Directory coordinates within county boundary,Listed; operation not independently confirmed
10084,Morrison,Motley Area Food Shelf,Motley,"697 3rd Ave S, Motley, MN 56466",218-352-6344,,Food Shelf,46.330679,-94.648896,https://www.hungersolutions.org/find-help/?fwp_categories=food-shelves&fwp_paged=16,2026-09-01,Directory coordinates within county boundary,Listed; operation not independently confirmed
10121,Morrison,Pierz Area Food Shelf,Pierz,"224 Main Street, Pierz, MN 56364",(320) 468-7134,https://www.pierzmn.org/?SEC=FBAC93AC-9857-4694-AB31-2EDC8ED19CA6,Food Shelf,45.9816318,-94.1047124,https://www.hungersolutions.org/find-help/?fwp_categories=food-shelves&fwp_paged=19,2026-09-01,Directory coordinates within county boundary,Listed; operation not independently confirmed
18697,Mower,CLUES Canasta Familiar – Austin,Austin,"1900 8th Ave NW, Austin, MN 55912, USA",612-444-2156,https://clues.org/services/physical-and-emotional-wellness/access-to-healthy-food/,Food Shelf,43.6761499,-92.9961526,https://www.hungersolutions.org/find-help/?fwp_categories=food-shelves&fwp_paged=5,2026-09-01,Directory coordinates within county boundary,Listed; operation not independently confirmed
9990,Mower,Grand Meadow Food Shelf,Grand Meadow,"209 2nd Ave NE, Grand Meadow, MN 55936, USA",507-481-7543,https://www.facebook.com/groups/495477831687028/about,Food Shelf,43.7079123,-92.570526,https://www.hungersolutions.org/find-help/?fwp_categories=food-shelves&fwp_paged=10,2026-09-01,Directory coordinates within county boundary,Listed; operation not independently confirmed
10051,Mower,Le Roy Area Food Shelf,Le Roy,"350 West Main Street suite 3, Le Roy, MN, USA",507-440-3942,https://www.facebook.com/leroyfoodshelf/,Food Shelf,43.5123082,-92.5085765,https://www.hungersolutions.org/find-help/?fwp_categories=food-shelves&fwp_paged=14,2026-09-01,Directory coordinates within county boundary,Listed; operation not independently confirmed
13529,Mower,Racine United Methodist Food Shelf,Racine,"401 E Main St, Racine, MN 55967, USA",507-378-4801,https://www.umcracinemn.org/food-shelf.html,Food Shelf,43.7762814,-92.4788439,https://www.hungersolutions.org/find-help/?fwp_categories=food-shelves&fwp_paged=20,2026-09-01,Directory coordinates within county boundary,Listed; operation not independently confirmed
10155,Mower,Salvation Army Austin,Austin,"409 1st Ave NE, Austin, MN 55912",507-437-4566,https://centralusa.salvationarmy.org/northern/Austin/home,Food Shelf,43.667457,-92.970887,https://www.hungersolutions.org/find-help/?fwp_categories=food-shelves&fwp_paged=21,2026-09-01,Directory coordinates within county boundary,Listed; operation not independently confirmed
10192,Mower,Southland Faith Food Shelf,Adams,"308 Lewison Street, Adams, MN 55909",507-582-3185,https://littlecedarmarshallchurches.org/ministries/southland-faith-community-food-shelf.html,Food Shelf,43.569698,-92.720909,https://www.hungersolutions.org/find-help/?fwp_categories=food-shelves&fwp_paged=24,2026-09-01,Directory coordinates within county boundary,Listed; operation not independently confirmed
9981,Murray,Fulda Food Shelf,Fulda,"305 S. Lafayette Avenue, Fulda, MN 56131",507-329-2260,https://fuldamn.com/fulda-food-shelf,Food Shelf,43.867575,-95.601898,https://www.hungersolutions.org/find-help/?fwp_categories=food-shelves&fwp_paged=9,2026-09-01,Directory coordinates within county boundary,Listed; operation not independently confirmed
10087,Murray,Murray County Food Shelf,Slayton,"2989 Maple Road, Slayton, MN 56172",507-836-6144,,Food Shelf,43.97972,-95.750002,https://www.hungersolutions.org/find-help/?fwp_categories=food-shelves&fwp_paged=16,2026-09-01,Directory coordinates within county boundary,Listed; operation not independently confirmed
10002,Nicollet,Helping Hand,Lafayette,"971 Pioneer Ave, Lafayette, MN 56054",507-228-8049,,Food Shelf,44.447651,-94.391684,https://www.hungersolutions.org/find-help/?fwp_categories=food-shelves&fwp_paged=11,2026-09-01,Directory coordinates within county boundary,Listed; operation not independently confirmed
20981,Nicollet,St Peter Area Produce Distribution,Saint Peter,"1114 West Traverse Road, Saint Peter, MN, USA",,,Food Shelf,44.3363536,-93.9687387,https://www.hungersolutions.org/find-help/?fwp_categories=food-shelves&fwp_paged=24,2026-09-01,Directory coordinates within county boundary,Listed; operation not independently confirmed
10202,Nicollet,St. Peter Area Food Shelf,St Peter,"201B S 3rd St, St Peter, MN 56082, USA",507-934-9641,http://www.stpeterfoodshelf.com,Food Shelf,44.3251083,-93.9577875,https://www.hungersolutions.org/find-help/?fwp_categories=food-shelves&fwp_paged=24,2026-09-01,Directory coordinates within county boundary,Listed; operation not independently confirmed
10063,Nobles,Manna Food Pantry Inc.,Worthington,"230 Clary Street, Worthington, MN 56187",507-329-1951,https://www.facebook.com/Manna-Food-Pantry-Inc-1433979473534544/,Food Shelf,43.627377,-95.611603,https://www.hungersolutions.org/find-help/?fwp_categories=food-shelves&fwp_paged=14,2026-09-01,Directory coordinates within county boundary,Listed; operation not independently confirmed
20423,Nobles,The Global Market,Worthington,"1039 Oxford St suite 2, Worthington, MN 56187, USA",507-537-1416,https://www.unitedcapmn.org/,Food Shelf,43.6317567,-95.6009502,https://www.hungersolutions.org/find-help/?fwp_categories=food-shelves&fwp_paged=25,2026-09-01,Directory coordinates within county boundary,Listed; operation not independently confirmed
10255,Nobles,Worthington Christian Church Food Shelf,Worthington,"1501 N Douglas Ave, Worthington, MN 56187",(507) 376-3418,https://www.worthingtonchristianchurch.com/ministries/food-shelf,Food Shelf,43.618103,-95.582037,https://www.hungersolutions.org/find-help/?fwp_categories=food-shelves&fwp_paged=28,2026-09-01,Directory coordinates within county boundary,Listed; operation not independently confirmed
18821,Norman,REACH-Hendrum Food Shelf,Hendrum,"304 Main St E, Hendrum, MN 56550, USA",(218) 861-5700,https://www.ruralenrichment.org/foodpantry.html,Food Shelf,47.2646778,-96.8106496,https://www.hungersolutions.org/find-help/?fwp_categories=food-shelves&fwp_paged=20,2026-09-01,Directory coordinates within county boundary,Listed; operation not independently confirmed
10227,Norman,Valley Food Shelf,Ada,"110 E 3rd Ave, Ada, MN 56510",218-766-3950,https://www.facebook.com/Valley-Food-Shelf-Ada-104135788759675,Food Shelf,47.299064,-96.512747,https://www.hungersolutions.org/find-help/?fwp_categories=food-shelves&fwp_paged=27,2026-09-01,Directory coordinates within county boundary,Listed; operation not independently confirmed
9914,Olmsted,Channel One Food Shelf,Rochester,"131 35th Street SE, Rochester, MN 55904",507-424-1720,https://www.helpingfeedpeople.org/programs/food-shelf,Food Shelf,43.972067,-92.460569,https://www.hungersolutions.org/find-help/?fwp_categories=food-shelves&fwp_paged=4,2026-09-01,Directory coordinates within county boundary,Listed; operation not independently confirmed
15925,Olmsted,Front & Center Eyota Food Shelf,Eyota,"Front and Center, Inc., 111 Center Ave S, Eyota, MN, USA",507-405-5653,https://frontandcenter.live/eyota-food-pantry,Food Shelf,43.988238,-92.22939,https://www.hungersolutions.org/find-help/?fwp_categories=food-shelves&fwp_paged=9,2026-09-01,Directory coordinates within county boundary,Listed; operation not independently confirmed
10014,Olmsted,Hosanna’s Pantry,Rochester,"2815 57th Street NW, Rochester, MN 55901",507-285-0092,https://www.hosannalutheran.org/hosanna-food-ministries/,Food Shelf,44.0827504,-92.5055748,https://www.hungersolutions.org/find-help/?fwp_categories=food-shelves&fwp_paged=12,2026-09-01,Directory coordinates within county boundary,Listed; operation not independently confirmed
10211,Olmsted,Life Gate Services,Rochester,"1300 10th Ave NE, Rochester, MN 55906",507-202-4726,https://lifegateservices.org/,Food Shelf,44.0358807,-92.4496565,https://www.hungersolutions.org/find-help/?fwp_categories=food-shelves&fwp_paged=14,2026-09-01,Directory coordinates within county boundary,Listed; operation not independently confirmed
10110,Olmsted,Oasis Church Food Shelf,Rochester,"3819 38th Street NW, Rochester, MN 55901",507-289-8596,https://www.oasisrochester.org/food-distribution,Food Shelf,44.0626923,-92.4946034,https://www.hungersolutions.org/find-help/?fwp_categories=food-shelves&fwp_paged=18,2026-09-01,Directory coordinates within county boundary,Listed; operation not independently confirmed
10114,Olmsted,Oronoco Food Shelf,Oronoco,"20 3rd Street SW, Oronoco, Oronoco, MN 55960",507-367-4405,https://oronocofoodshelf.weebly.com/,Food Shelf,44.1606653,-92.533615,https://www.hungersolutions.org/find-help/?fwp_categories=food-shelves&fwp_paged=18,2026-09-01,Directory coordinates within county boundary,Listed; operation not independently confirmed
20579,Olmsted,Pamoja Pantry,Rochester,"821 3rd Avenue Southeast suite 105, Rochester, MN 55904, USA",(507) 271-8057,https://www.pamojawomen.org/,Food Shelf,44.0144945,-92.4592862,https://www.hungersolutions.org/find-help/?fwp_categories=food-shelves&fwp_paged=19,2026-09-01,Directory coordinates within county boundary,Listed; operation not independently confirmed
13335,Olmsted,Rochester Community Church,Rochester,"971 16th St SE, Rochester, MN 55904, USA",(507) 398-5456,https://www.facebook.com/RochesterCommunityChurch/,Food Shelf,44.0008169,-92.447397,https://www.hungersolutions.org/find-help/?fwp_categories=food-shelves&fwp_paged=20,2026-09-01,Directory coordinates within county boundary,Listed; operation not independently confirmed
10171,Olmsted,Salvation Army Rochester,Rochester,"115 1st Avenue Northeast, Rochester, MN, USA",507-288-3663,https://centralusa.salvationarmy.org/northern/rochester/programs-and-services/,Food Shelf,44.0251097,-92.4619158,https://www.hungersolutions.org/find-help/?fwp_categories=food-shelves&fwp_paged=21,2026-09-01,Directory coordinates within county boundary,Listed; operation not independently confirmed
9876,Otter Tail,Battle Lake Food Shelf,Battle Lake,"205 W Main Street, Battle Lake, MN 56515",218-864-8768,https://www.facebook.com/groups/253529221000499/,Food Shelf,46.28215,-95.715498,https://www.hungersolutions.org/find-help/?fwp_categories=food-shelves&fwp_paged=2,2026-09-01,Directory coordinates within county boundary,Listed; operation not independently confirmed
9971,Otter Tail,Fergus Falls Community Food Shelf,Fergus Falls,"1512 N 1st Ave, Fergus Falls, MN 56537, USA",(218) 739-2971,https://www.facebook.com/people/Fergus-Falls-Community-Food-Shelf/100079041236967/#,Food Shelf,46.3010936,-96.088037,https://www.hungersolutions.org/find-help/?fwp_categories=food-shelves&fwp_paged=7,2026-09-01,Directory coordinates within county boundary,Listed; operation not independently confirmed
10004,Otter Tail,Henning Community Food Shelf,Henning,"604 Second Street, Henning, MN 56551",218-583-2136,https://www.facebook.com/henningfoodshelf/,Food Shelf,46.3209121,-95.4457433,https://www.hungersolutions.org/find-help/?fwp_categories=food-shelves&fwp_paged=11,2026-09-01,Directory coordinates within county boundary,Listed; operation not independently confirmed
10099,Otter Tail,New York Mills Area Food Shelf,New York Mills,"400 S Walker Ave, New York Mills, MN 56567",218-385-3339,https://newyorkmills.govoffice2.com/?SEC=913586BE-662C-4DD1-B826-D54E36FFAF56,Food Shelf,46.513492,-95.381108,https://www.hungersolutions.org/find-help/?fwp_categories=food-shelves&fwp_paged=17,2026-09-01,Directory coordinates within county boundary,Listed; operation not independently confirmed
10119,Otter Tail,Pelican Rapids Community Food Shelf,Pelican Rapids,"28 W Mill, Pelican Rapids, MN 56572, USA",218-863-3663,https://www.facebook.com/pg/Pelican-Rapids-Food-Shelf-605456873220657/about/?ref=page_internal,Food Shelf,46.5691681,-96.0848228,https://www.hungersolutions.org/find-help/?fwp_categories=food-shelves&fwp_paged=19,2026-09-01,Directory coordinates within county boundary,Listed; operation not independently confirmed
10163,Otter Tail,Salvation Army Fergus Falls,Fergus Falls,"622 E Vernon Ave, Fergus Falls, MN 56537",218-739-9692,https://centralusa.salvationarmy.org/northern/FergusFalls/programs-and-services/,Food Shelf,46.278336,-96.064796,https://www.hungersolutions.org/find-help/?fwp_categories=food-shelves&fwp_paged=21,2026-09-01,Directory coordinates within county boundary,Listed; operation not independently confirmed
10120,Otter Tail,The Bridge Community Pantry,Perham,"501 4th Ave NW, Perham, MN 56573",218-346-6181,https://www.thebridgepantry.org/,Food Shelf,46.599443,-95.572485,https://www.hungersolutions.org/find-help/?fwp_categories=food-shelves&fwp_paged=25,2026-09-01,Directory coordinates within county boundary,Listed; operation not independently confirmed
10219,Pennington,Thief River Falls Area Food Shelf,Thief River Falls,"16330 150th Street Northeast, Thief River Falls, MN, USA",218-681-4708,http://www.foodshelftrf.org/,Food Shelf,48.0937605,-96.125311,https://www.hungersolutions.org/find-help/?fwp_categories=food-shelves&fwp_paged=26,2026-09-01,Directory coordinates within county boundary,Listed; operation not independently confirmed
9870,Pine,Angels of Hope Food Shelf,Pine City,"56365 Forest Blvd, Pine City, MN 55063",320-336-9191,,Food Shelf,45.76523,-92.96591,https://www.hungersolutions.org/find-help/?fwp_categories=food-shelves&fwp_paged=1,2026-09-01,Directory coordinates within county boundary,Listed; operation not independently confirmed
10123,Pine,Family Pathways Pine City Food Shelf,Pine City,"220 7th Street SW, Pine City, MN 55063",320-629-0128,https://www.familypathways.org/get-help/make-appointment/food-shelf-appointments/,Food Shelf,45.827272,-92.971857,https://www.hungersolutions.org/find-help/?fwp_categories=food-shelves&fwp_paged=7,2026-09-01,Directory coordinates within county boundary,Listed; operation not independently confirmed
9963,Pine,Family Pathways Sandstone Food Shelf,Sandstone,"314 Main Street, Sandstone, MN 55072, USA",320-245-2485,https://www.familypathways.org/get-help/make-appointment/food-shelf-appointments/,Food Shelf,46.1317152,-92.86713370000001,https://www.hungersolutions.org/find-help/?fwp_categories=food-shelves&fwp_paged=7,2026-09-01,Directory coordinates within county boundary,Listed; operation not independently confirmed
15910,Pine,Mille Lacs Band of Ojibwe Food Shelf: District 3- Community Center,Sandstone,"45749 Grace Lake Road, Sandstone, MN 55072, USA",(320) 259-3098,,Food Shelf,46.0618747,-92.4620001,https://www.hungersolutions.org/find-help/?fwp_categories=food-shelves&fwp_paged=15,2026-09-01,Directory coordinates within county boundary,Listed; operation not independently confirmed
10126,Pipestone,Pipestone County Food Shelf,Pipestone,"223 2nd Street NW, Pipestone, MN 56164",507-825-4414,https://pipestonefoodshelf.com,Food Shelf,43.993959,-96.310056,https://www.hungersolutions.org/find-help/?fwp_categories=food-shelves&fwp_paged=19,2026-09-01,Directory coordinates within county boundary,Listed; operation not independently confirmed
9925,Polk,Climax Parish Food Shelf,Climax,"104 W Broadway, Climax, MN 56523",218-779-3319,,Food Shelf,47.607727,-96.816169,https://www.hungersolutions.org/find-help/?fwp_categories=food-shelves&fwp_paged=4,2026-09-01,Directory coordinates within county boundary,Listed; operation not independently confirmed
9944,Polk,East Grand Forks Food Shelf,East Grand Forks,"1715 3rd Ave NW, East Grand Forks, MN 56721",218-773-8083,https://www.facebook.com/people/East-Grand-Forks-Food-Shelf/100064811283645/#,Food Shelf,47.942035,-97.023012,https://www.hungersolutions.org/find-help/?fwp_categories=food-shelves&fwp_paged=6,2026-09-01,Directory coordinates within county boundary,Listed; operation not independently confirmed
9972,Polk,FB Area Food Shelf,Fertile,"101 S Mill St, Fertile, MN 56540, USA",218) 945-3065,,Food Shelf,47.5337315,-96.2802072,https://www.hungersolutions.org/find-help/?fwp_categories=food-shelves&fwp_paged=7,2026-09-01,Directory coordinates within county boundary,Listed; operation not independently confirmed
9987,Polk,Grace Community Food Shelf,Erskine,"332 Vance Ave, Erskine, MN 56535",218-687-2250,https://www.facebook.com/pages/category/Nonprofit-Organization/Grace-Community-Food-Shelf-108470223142151/,Food Shelf,47.659806,-96.021522,https://www.hungersolutions.org/find-help/?fwp_categories=food-shelves&fwp_paged=10,2026-09-01,Directory coordinates within county boundary,Listed; operation not independently confirmed
18026,Polk,New Hope Food Shelf,Crookston,"220 E 3rd St, Crookston, MN 56716, USA",218-281-2644,https://www.careandsharecrookston.org/food-shelf,Food Shelf,47.7745924,-96.6032121,https://www.hungersolutions.org/find-help/?fwp_categories=food-shelves&fwp_paged=17,2026-09-01,Directory coordinates within county boundary,Listed; operation not independently confirmed
10198,Polk,St. Joseph’s Social Care Food Pantry,Grand Forks,"620 8th Ave South, Grand Forks, ND 58201",701-795-8614,https://www.stjosephssocialcaregf.org/,Food Shelf,47.914466,-97.034715,https://www.hungersolutions.org/find-help/?fwp_categories=food-shelves&fwp_paged=24,2026-09-01,Directory coordinates within county boundary,Listed; operation not independently confirmed
10000,Pope,Hearts and Hands Food Shelf,Glenwood,"206 6th Ave NW, Glenwood, MN 56334",320-634-3408,,Food Shelf,45.655027,-95.391967,https://www.hungersolutions.org/find-help/?fwp_categories=food-shelves&fwp_paged=11,2026-09-01,Directory coordinates within county boundary,Listed; operation not independently confirmed
9930,Ramsey,Comet’s Cupboard (Concordia University Food Shelf),St. Paul,"1280 Concordia Ave. St. Paul, MN 55104",651-641-8359,https://www.csp.edu/student-services/cometscupboard/,Food Shelf,44.9512928,-93.1543792,https://www.hungersolutions.org/find-help/?fwp_categories=food-shelves&fwp_paged=5,2026-09-01,Directory coordinates within county boundary,Listed; operation not independently confirmed
13464,Ramsey,"Community Engagement, Enhancement Wellness Project",St. Paul,"501 N. Dale St Suite 103, St. Paul, MN",651-236-8693,,Food Shelf,44.9563397,-93.1266491,https://www.hungersolutions.org/find-help/?fwp_categories=food-shelves&fwp_paged=5,2026-09-01,Directory coordinates within county boundary,Listed; operation not independently confirmed
9941,Ramsey,Department of Indian Work Food Shelf,Little Canada,"3080 Centerville Road, Little Canada, MN 55117, USA",(651) 789-3849,https://interfaithaction.org/programs/diw/,Food Shelf,45.0340689,-93.0849116,https://www.hungersolutions.org/find-help/?fwp_categories=food-shelves&fwp_paged=6,2026-09-01,Directory coordinates within county boundary,Listed; operation not independently confirmed
13279,Ramsey,FOCUS House,St Paul,"550 Rice St, St Paul, MN 55103, USA",651-222-0712,https://www.focusmn.org/programs,Food Shelf,44.958137,-93.1057123,https://www.hungersolutions.org/find-help/?fwp_categories=food-shelves&fwp_paged=7,2026-09-01,Directory coordinates within county boundary,Listed; operation not independently confirmed
17580,Ramsey,Food For Thought at Hamline University (Food Resource Center),St Paul,"1492 Hewitt Ave, St Paul, MN 55104, USA",651)-523-2848,https://sites.google.com/hamline.edu/hufrc/information?authuser=0,Food Shelf,44.9657001,-93.1638637,https://www.hungersolutions.org/find-help/?fwp_categories=food-shelves&fwp_paged=8,2026-09-01,Directory coordinates within county boundary,Listed; operation not independently confirmed
18991,Ramsey,Food Shelf In-A-Box at Cowern Elementary,St Paul,"2131 Margaret St N, St Paul, MN 55109, USA",,https://www.goodinthehood.org/our-programs/food-programs/,Food Shelf,45.0052988,-92.9929206,https://www.hungersolutions.org/find-help/?fwp_categories=food-shelves&fwp_paged=8,2026-09-01,Directory coordinates within county boundary,Listed; operation not independently confirmed
18988,Ramsey,Food Shelf In-A-Box at Harmony Learning Center,Maplewood,"1961 County Road C East, Maplewood, MN 55109, USA",,https://www.goodinthehood.org/our-programs/food-programs/,Food Shelf,45.0212813,-93.0175128,https://www.hungersolutions.org/find-help/?fwp_categories=food-shelves&fwp_paged=8,2026-09-01,Directory coordinates within county boundary,Listed; operation not independently confirmed
21762,Ramsey,Food Shelf-In-A-Box at Expo Elementary,St Paul,"540 Warwick St, St Paul, MN 55116, USA",,https://www.goodinthehood.org/our-programs/food-programs/,Food Shelf,44.9251888,-93.1623139,https://www.hungersolutions.org/find-help/?fwp_categories=food-shelves&fwp_paged=8,2026-09-01,Directory coordinates within county boundary,Listed; operation not independently confirmed
18986,Ramsey,Food Shelf-In-A-Box at Montreal Courts,Little Canada,"396 Labore Rd, Little Canada, MN 55117, USA",,https://www.goodinthehood.org/our-programs/food-programs/,Food Shelf,45.0264851,-93.0847238,https://www.hungersolutions.org/find-help/?fwp_categories=food-shelves&fwp_paged=8,2026-09-01,Directory coordinates within county boundary,Listed; operation not independently confirmed
21761,Ramsey,Food Shelf-In-A-Box at UNW,Roseville,"3003 Snelling Ave N, Roseville, MN, USA",,https://www.goodinthehood.org/our-programs/food-programs/,Food Shelf,45.0310649,-93.167536,https://www.hungersolutions.org/find-help/?fwp_categories=food-shelves&fwp_paged=9,2026-09-01,Directory coordinates within county boundary,Listed; operation not independently confirmed
18985,Ramsey,Food Shelf-In-A-Box at Weaver Elementary,Maplewood,"2135 Birmingham Street, Maplewood, MN, USA",,https://www.goodinthehood.org/our-programs/food-programs/,Food Shelf,45.0057545,-93.0416235,https://www.hungersolutions.org/find-help/?fwp_categories=food-shelves&fwp_paged=9,2026-09-01,Directory coordinates within county boundary,Listed; operation not independently confirmed
18984,Ramsey,Foodshelf-In-A-Box at Justice Alan Page Elementary Pop-up Mobile,Maplewood,"2410 Holloway Ave E, Maplewood, MN 55109, USA",,https://www.goodinthehood.org/our-programs/food-programs/,Food Shelf,44.9984004,-92.9989726,https://www.hungersolutions.org/find-help/?fwp_categories=food-shelves&fwp_paged=9,2026-09-01,Directory coordinates within county boundary,Listed; operation not independently confirmed
13471,Ramsey,Foodshelf-In-A-Box at Maple Pond Homes Pop-up Mobile,Maplewood,"1854 Beebe Rd, Maplewood, MN 55109, USA",,https://www.goodinthehood.org/our-programs/food-programs/,Food Shelf,44.9973728,-93.0113591,https://www.hungersolutions.org/find-help/?fwp_categories=food-shelves&fwp_paged=9,2026-09-01,Directory coordinates within county boundary,Listed; operation not independently confirmed
17585,Ramsey,Foodshelf-In-A-Box at Webster Elementary,North Saint Paul,"2170 7th Avenue East, North Saint Paul, MN, USA",,https://www.goodinthehood.org/our-programs/food-programs/food-in-the-hood/,Food Shelf,45.0017803,-93.0089664,https://www.hungersolutions.org/find-help/?fwp_categories=food-shelves&fwp_paged=9,2026-09-01,Directory coordinates within county boundary,Listed; operation not independently confirmed
21256,Ramsey,Frogtown Food Shelf,Saint Paul,"499 Charles Avenue, Saint Paul, MN, USA",,https://faithlutheranstp.org/,Food Shelf,44.9577651,-93.120838,https://www.hungersolutions.org/find-help/?fwp_categories=food-shelves&fwp_paged=9,2026-09-01,Directory coordinates within county boundary,Listed; operation not independently confirmed
13123,Ramsey,Fruit of the Vine Food Shelf- St. Paul,St Paul,"1280 Arcade St, St Paul, MN 55106, USA",952-595-5980,https://vcsmn.org/services/,Food Shelf,44.9798231,-93.0653229,https://www.hungersolutions.org/find-help/?fwp_categories=food-shelves&fwp_paged=9,2026-09-01,Directory coordinates within county boundary,Listed; operation not independently confirmed
9997,Ramsey,Hallie Q. Brown Food Shelf,St. Paul,"270 North Kent Street, St. Paul, MN 55102",651 224 4606,https://www.hallieqbrown.org/site/index.php/basic-needs/,Food Shelf,44.949392,-93.122961,https://www.hungersolutions.org/find-help/?fwp_categories=food-shelves&fwp_paged=10,2026-09-01,Directory coordinates within county boundary,Listed; operation not independently confirmed
10037,Ramsey,Keystone Community Services Food Shelf,Saint Paul,"1800 University Ave W, Saint Paul, MN 55104, USA",651-917-3792,https://keystoneservices.org/food-shelf/,Food Shelf,44.9553144,-93.1763311,https://www.hungersolutions.org/find-help/?fwp_categories=food-shelves&fwp_paged=13,2026-09-01,Directory coordinates within county boundary,Listed; operation not independently confirmed
13561,Ramsey,MAS MN Masjid Taqwa Food Shelf,St Paul,"Muslim American Society 1608 Como Ave, St Paul, MN 55108, USA",612-964-5757,https://masmn.org/social-services/,Food Shelf,44.9771654,-93.1682908,https://www.hungersolutions.org/find-help/?fwp_categories=food-shelves&fwp_paged=15,2026-09-01,Directory coordinates within county boundary,Listed; operation not independently confirmed
10074,Ramsey,Merrick Food Shelf on Arcade Street (Door 3),St. Paul,"1669 Arcade Street North, Suite 4, St. Paul, MN 55106",651-287-2088,https://merrickcs.org/community-services/food/,Food Shelf,44.9908947,-93.0670755,https://www.hungersolutions.org/find-help/?fwp_categories=food-shelves&fwp_paged=15,2026-09-01,Directory coordinates within county boundary,Listed; operation not independently confirmed
17579,Ramsey,Metro State Food Pantry,St Paul,"690 E 7th St, St Paul, MN 55106, USA",651-793-1571,https://www.metrostate.edu/students/support/food-for-thought,Food Shelf,44.9581088,-93.0730771,https://www.hungersolutions.org/find-help/?fwp_categories=food-shelves&fwp_paged=15,2026-09-01,Directory coordinates within county boundary,Listed; operation not independently confirmed
10090,Ramsey,Neighborhood House at the Wellstone Center,St Paul,"179 Robie Street East, St Paul, MN 55107, USA",651-789-3630,https://neighborhoodhousemn.org/programs/food-support/food-markets/,Food Shelf,44.9307843,-93.0771457,https://www.hungersolutions.org/find-help/?fwp_categories=food-shelves&fwp_paged=16,2026-09-01,Directory coordinates within county boundary,Listed; operation not independently confirmed
20155,Ramsey,Neighborhood House on Montreal,St Paul,"1080 Montreal Ave, St Paul, MN 55116, USA",651-789-3600,https://neighborhoodhousemn.org/programs/food-support/food-markets/,Food Shelf,44.9120613,-93.1455392,https://www.hungersolutions.org/find-help/?fwp_categories=food-shelves&fwp_paged=16,2026-09-01,Directory coordinates within county boundary,Listed; operation not independently confirmed
10103,Ramsey,North St. Paul Area Food Shelf,North Saint Paul,"2266 2nd Street North, North Saint Paul, MN, USA",651-770-1309,https://www.nspafoodshelf.org/,Food Shelf,45.0096341,-92.9996191,https://www.hungersolutions.org/find-help/?fwp_categories=food-shelves&fwp_paged=17,2026-09-01,Directory coordinates within county boundary,Listed; operation not independently confirmed
18568,Ramsey,NorthStar Health Community Food Shelf,St Paul,"995 University Ave W ste b08, St Paul, MN 55104, USA",651-243-1399,https://www.nshmn.org/cfs,Food Shelf,44.9560967,-93.1424524,https://www.hungersolutions.org/find-help/?fwp_categories=food-shelves&fwp_paged=17,2026-09-01,Directory coordinates within county boundary,Listed; operation not independently confirmed
21255,Ramsey,Norway Community Association Food Shelf,St Paul,"539 Phalen Blvd, St Paul, MN 55130, USA",651-243-1399,https://www.nca-mn.org/appointments,Food Shelf,44.9657764,-93.0776005,https://www.hungersolutions.org/find-help/?fwp_categories=food-shelves&fwp_paged=18,2026-09-01,Directory coordinates within county boundary,Listed; operation not independently confirmed
19148,Ramsey,Nourish – Mt. Olivet Lab School Inc.,Saint Paul,"376 Western Ave N, Saint Paul, MN 55103, USA",651-227-4444 Ext: 111,https://www.facebook.com/mtolabschool,Food Shelf,44.952411,-93.1155321,https://www.hungersolutions.org/find-help/?fwp_categories=food-shelves&fwp_paged=18,2026-09-01,Directory coordinates within county boundary,Listed; operation not independently confirmed
13945,Ramsey,Open Hands Midway,Saint Paul,"436 Roy Street North, Saint Paul, MN 55104, USA",(651) 646-6459,https://www.openhandsmidway.org/programs,Food Shelf,44.9543295,-93.1679649,https://www.hungersolutions.org/find-help/?fwp_categories=food-shelves&fwp_paged=18,2026-09-01,Directory coordinates within county boundary,Listed; operation not independently confirmed
10136,Ramsey,Ralph Reeder Food Shelf,New Brighton,"2544 Mounds View Boulevard, New Brighton, MN 55112",651-621-6280,https://www.moundsviewschools.org/foodshelf,Food Shelf,45.071728,-93.214886,https://www.hungersolutions.org/find-help/?fwp_categories=food-shelves&fwp_paged=20,2026-09-01,Directory coordinates within county boundary,Listed; operation not independently confirmed
10167,Ramsey,Salvation Army Lakewood Food Shelf,Maplewood,"2080 Woodlyn Ave, Maplewood, MN 55109",651-779-9177,https://centralusa.salvationarmy.org/northern/maplewood/programs-and-services/,Food Shelf,45.032671,-93.013134,https://www.hungersolutions.org/find-help/?fwp_categories=food-shelves&fwp_paged=21,2026-09-01,Directory coordinates within county boundary,Listed; operation not independently confirmed
10894,Ramsey,Salvation Army – St Paul Eastside,St. Paul,"1019 Payne Ave, St. Paul, MN 55101",651-776-8169,https://centralusa.salvationarmy.org/northern/EastStPaul/programs-and-services/,Food Shelf,44.971806,-93.073969,https://www.hungersolutions.org/find-help/?fwp_categories=food-shelves&fwp_paged=21,2026-09-01,Directory coordinates within county boundary,Listed; operation not independently confirmed
10075,Ramsey,The Corner Shelf,St. Paul,"1740 Van Dyke Street, St. Paul, MN 55109",651-287-3000,https://whchurch.org/find-support/the-corner-shelf/,Food Shelf,44.9937878,-93.0210295,https://www.hungersolutions.org/find-help/?fwp_categories=food-shelves&fwp_paged=25,2026-09-01,Directory coordinates within county boundary,Listed; operation not independently confirmed
10175,Ramsey,The Salvation Army St. Paul Citadel,St. Paul,"401 W 7th Street, St. Paul, MN 55102",651-224-4316,https://centralusa.salvationarmy.org/northern/WestStPaul/programs-and-services/,Food Shelf,44.939477,-93.109402,https://www.hungersolutions.org/find-help/?fwp_categories=food-shelves&fwp_paged=26,2026-09-01,Directory coordinates within county boundary,Listed; operation not independently confirmed
17743,Ramsey,The Sanneh Foundation- Conway,Saint Paul,"2090 Conway Street, Saint Paul, MN, USA",(651) 690-4855 ext 1,https://thesannehfoundation.org/food-services/?fbclid=IwAR2qlEpsjMOLO43R0RFdAZGw5500aUxlifHB_vlESM8r5u2lwdv3tA1YvyU,Food Shelf,44.9553651,-93.0121765,https://www.hungersolutions.org/find-help/?fwp_categories=food-shelves&fwp_paged=26,2026-09-01,Directory coordinates within county boundary,Listed; operation not independently confirmed
17744,Ramsey,The Sanneh Foundation- Hancock Recreation Center,St Paul,"1610 Hubbard Ave, St Paul, MN 55104, USA",(651) 690-4855 ext 1,https://thesannehfoundation.org/food-services/?fbclid=IwAR2qlEpsjMOLO43R0RFdAZGw5500aUxlifHB_vlESM8r5u2lwdv3tA1YvyU,Food Shelf,44.9647334,-93.1683124,https://www.hungersolutions.org/find-help/?fwp_categories=food-shelves&fwp_paged=26,2026-09-01,Directory coordinates within county boundary,Listed; operation not independently confirmed
20760,Ramsey,The Sanneh Foundation-Conway Community Center,Saint Paul,"2090 Conway St, Saint Paul, MN 55119, USA",651-690-4855,https://thesannehfoundation.org/programs/nutritional-services/,Food Shelf,44.9553547,-93.0122115,https://www.hungersolutions.org/find-help/?fwp_categories=food-shelves&fwp_paged=26,2026-09-01,Directory coordinates within county boundary,Listed; operation not independently confirmed
20562,Ramsey,Today’s Harvest (Maplewood),St Paul,"1740 Van Dyke Street, St Paul, MN 55109, USA",(651) 323-1200,https://todaysharvestmn.org/,Food Shelf,44.9938082,-93.0210284,https://www.hungersolutions.org/find-help/?fwp_categories=food-shelves&fwp_paged=26,2026-09-01,Directory coordinates within county boundary,Listed; operation not independently confirmed
10226,Ramsey,Vadnais Heights Food Shelf,Vadnais Heights,"655 East County Road F, Vadnais Heights, MN 55127",651-246-3638,https://www.cityvadnaisheights.com/221/Vadnais-Heights-Food-Shelf,Food Shelf,45.065571,-93.0736258,https://www.hungersolutions.org/find-help/?fwp_categories=food-shelves&fwp_paged=27,2026-09-01,Directory coordinates within county boundary,Listed; operation not independently confirmed
10251,Ramsey,White Bear Area Food Shelf,White Bear Lake,"1884 Whitaker Street, White Bear Lake, MN 55110",651-407-5310,https://whitebearfoodshelf.org/,Food Shelf,45.075568,-93.019808,https://www.hungersolutions.org/find-help/?fwp_categories=food-shelves&fwp_paged=28,2026-09-01,Directory coordinates within county boundary,Listed; operation not independently confirmed
21282,Ramsey,iHELP MarketSquare,St Paul,"900 Dale Street North, St Paul, MN 55103, USA",651-488-4463,https://ihelpmarketsquare.com/,Food Shelf,44.9685764,-93.1259997,https://www.hungersolutions.org/find-help/?fwp_categories=food-shelves&fwp_paged=12,2026-09-01,Directory coordinates within county boundary,Listed; operation not independently confirmed
10021,Red Lake,Inter-County Community Council,Oklee,"207 Main Street, Oklee, MN 56742",218-796-5144,https://intercountycc.org/services/food-support/,Food Shelf,47.838344,-95.854337,https://www.hungersolutions.org/find-help/?fwp_categories=food-shelves&fwp_paged=12,2026-09-01,Directory coordinates within county boundary,Listed; operation not independently confirmed
10139,Red Lake,Red Lake Falls Food Shelf,Red Lake Falls,"Park Place Mall, 105 International Drive, Red Lake Falls, MN, USA",218-253-2188,,Food Shelf,47.875491,-96.2729598,https://www.hungersolutions.org/find-help/?fwp_categories=food-shelves&fwp_paged=20,2026-09-01,Directory coordinates within county boundary,Listed; operation not independently confirmed
15887,Redwood,Cansayapi Food Pantry,Morton,"39512 Reservation Highway 1, Morton, MN 56270, USA",507 430-5746,https://lowersiouxhhs.org/cansayapi-food-pantry/,Food Shelf,44.5329125,-94.9975814,https://www.hungersolutions.org/find-help/?fwp_categories=food-shelves&fwp_paged=3,2026-09-01,Directory coordinates within county boundary,Listed; operation not independently confirmed
10141,Redwood,Redwood Area Food Shelf,Redwood Falls,"500 E Bridge St #5, Redwood Falls, MN 56283, USA",507-627-3653,https://www.facebook.com/Redwood-Area-Food-Shelf-111244896980397/,Food Shelf,44.5411288,-95.112771,https://www.hungersolutions.org/find-help/?fwp_categories=food-shelves&fwp_paged=20,2026-09-01,Directory coordinates within county boundary,Listed; operation not independently confirmed
10235,Redwood,"W.A.F.E.R., Inc.",Wabasso,"210 County Highway 6, Wabasso, MN 56293",507-342-5367,,Food Shelf,44.399826,-95.248791,https://www.hungersolutions.org/find-help/?fwp_categories=food-shelves&fwp_paged=27,2026-09-01,Directory coordinates within county boundary,Listed; operation not independently confirmed
13126,Redwood,Wabasso Area Food Emergency Reserve (WAFER),Wabasso,"741 Main Street, Wabasso, MN, USA",507-342-5567,,Food Shelf,44.4021257,-95.2551398,https://www.hungersolutions.org/find-help/?fwp_categories=food-shelves&fwp_paged=27,2026-09-01,Directory coordinates within county boundary,Listed; operation not independently confirmed
10241,Redwood,Walnut Grove Foodshelf,Walnut Grove,"551 8th Street, Walnut Grove, MN 56180",507-859-2636,,Food Shelf,44.221448,-95.472595,https://www.hungersolutions.org/find-help/?fwp_categories=food-shelves&fwp_paged=27,2026-09-01,Directory coordinates within county boundary,Listed; operation not independently confirmed
10246,Redwood,We Care Project,Morgan,"206 Fergus Ave, Morgan, MN 56266",507- 430-6564,https://morganwecareproject.com/hours-and-location/,Food Shelf,44.419261,-94.929014,https://www.hungersolutions.org/find-help/?fwp_categories=food-shelves&fwp_paged=28,2026-09-01,Directory coordinates within county boundary,Listed; operation not independently confirmed
10143,Renville,Renville County Food Shelf,Olivia,"108 South 9th Street, Olivia, MN 56277",320-523-5339,https://www.renvillecountymn.com/departments/public_health/food_shelf.php,Food Shelf,44.7763889,-94.9897222,https://www.hungersolutions.org/find-help/?fwp_categories=food-shelves&fwp_paged=20,2026-09-01,Directory coordinates within county boundary,Listed; operation not independently confirmed
18698,Rice,Community Action Center Faribault,Faribault,"1400 Cannon Cir ste 8, Faribault, MN, USA",507.664.3550,https://communityactioncenter.org/food-access/,Food Shelf,44.304718,-93.2886635,https://www.hungersolutions.org/find-help/?fwp_categories=food-shelves&fwp_paged=5,2026-09-01,Directory coordinates within county boundary,Listed; operation not independently confirmed
10105,Rice,Community Action Center Food Shelf- Northfield,Northfield,"1651 Jefferson Parkway hs 200, Northfield, MN, USA",507.664.3550,https://communityactioncenter.org/programs/feeding/,Food Shelf,44.4428237,-93.166708,https://www.hungersolutions.org/find-help/?fwp_categories=food-shelves&fwp_paged=5,2026-09-01,Directory coordinates within county boundary,Listed; operation not independently confirmed
18699,Rice,Community Action Center- Northfield Community Education Center (NCEC),Northfield,"700 Lincoln Parkway, Northfield, MN 55057, USA",507-664-3550,https://communityactioncenter.org/food-access/,Food Shelf,44.4690934,-93.1699649,https://www.hungersolutions.org/find-help/?fwp_categories=food-shelves&fwp_paged=5,2026-09-01,Directory coordinates within county boundary,Listed; operation not independently confirmed
10059,Rice,Lonsdale Area Food Shelf,Lonsdale,"7525 Garfield Ave, Lonsdale, MN, USA",507-744-5399,https://www.lonsdaleareafoodshelf.org/,Food Shelf,44.477455,-93.400892,https://www.hungersolutions.org/find-help/?fwp_categories=food-shelves&fwp_paged=14,2026-09-01,Directory coordinates within county boundary,Listed; operation not independently confirmed
10203,Rice,Society of St. Vincent de Paul Food Pantry,Faribault,"617 3rd Ave NW, Faribault, MN 55021",507-334-2100,https://stvincentdepaulfaribault.com/food-shelf/,Food Shelf,44.297427,-93.272696,https://www.hungersolutions.org/find-help/?fwp_categories=food-shelves&fwp_paged=23,2026-09-01,Directory coordinates within county boundary,Listed; operation not independently confirmed
10148,Rock,Rock County Food Shelf,Luverne,"208 West Maple Street, Luverne, MN, USA",507-227-5548 or 507-227-3531,https://www.facebook.com/Rock-County-Food-Shelf-110006440870604/,Food Shelf,43.6546158,-96.209974,https://www.hungersolutions.org/find-help/?fwp_categories=food-shelves&fwp_paged=20,2026-09-01,Directory coordinates within county boundary,Listed; operation not independently confirmed
9992,Roseau,Greenbush Community Food Shelf,Greenbush,"244 Main Street N, Greenbush, MN 56726",218-782-2570,,Food Shelf,48.701136,-96.181724,https://www.hungersolutions.org/find-help/?fwp_categories=food-shelves&fwp_paged=10,2026-09-01,Directory coordinates within county boundary,Listed; operation not independently confirmed
10150,Roseau,Roseau Area Food Shelf,Roseau,"108 3rd Avenue Southwest, Roseau, MN, USA",218-452-2109,,Food Shelf,48.845463,-95.765512,https://www.hungersolutions.org/find-help/?fwp_categories=food-shelves&fwp_paged=21,2026-09-01,Directory coordinates within county boundary,Listed; operation not independently confirmed
10243,Roseau,Warroad Food Pantry,Warroad,"111 Lake Street Northeast, Warroad, MN, USA",218-386-2336,https://www.facebook.com/warroad.foodpantry/,Food Shelf,48.904683,-95.31923080000001,https://www.hungersolutions.org/find-help/?fwp_categories=food-shelves&fwp_paged=27,2026-09-01,Directory coordinates within county boundary,Listed; operation not independently confirmed
9879,Scott,Belle Plaine Food Shelf,Belle Plaine,"128 N Meridian Street, Belle Plaine, MN 56011",612-751-9923,http://www.bpareafoodshelf.org/,Food Shelf,44.623831,-93.768634,https://www.hungersolutions.org/find-help/?fwp_categories=food-shelves&fwp_paged=2,2026-09-01,Directory coordinates within county boundary,Listed; operation not independently confirmed
9896,Scott,CAP Agency Food Shelf,Shakopee,"738 1st Ave E, Shakopee, MN 55379, USA",952-496-2125 (option1),https://www.capagency.org/food-nutrition/food-shelf/,Food Shelf,44.7995417,-93.5170094,https://www.hungersolutions.org/find-help/?fwp_categories=food-shelves&fwp_paged=3,2026-09-01,Directory coordinates within county boundary,Listed; operation not independently confirmed
13674,Scott,Hope for the Community – Elko New Market,Elko New Market,"26518 France Avenue, Elko New Market, MN, USA",763.757.4266,https://hopeforthecommunity.com/,Food Shelf,44.5652114,-93.3294085,https://www.hungersolutions.org/find-help/?fwp_categories=food-shelves&fwp_paged=11,2026-09-01,Directory coordinates within county boundary,Listed; operation not independently confirmed
10029,Scott,Jordan Area Food Shelf,Jordan,"312 Water St, Jordan, MN 55352, USA",952-292-8759,https://www.facebook.com/jordanareafoodshelf/,Food Shelf,44.6650402,-93.6253819,https://www.hungersolutions.org/find-help/?fwp_categories=food-shelves&fwp_paged=13,2026-09-01,Directory coordinates within county boundary,Listed; operation not independently confirmed
18856,Scott,Mi Casita Pantry,Shakopee,"1053 Jefferson St S, Shakopee, MN 55379, USA",952-245-0697,http://micasamn.org/,Food Shelf,44.786973322226,-93.542124454211,https://www.hungersolutions.org/find-help/?fwp_categories=food-shelves&fwp_paged=15,2026-09-01,Directory coordinates within county boundary,Listed; operation not independently confirmed
10118,Scott,Peace Center Food Shelf,New Prague,"313 Columbus Avenue North, New Prague, MN 56071, USA",952-758-4688,https://www.facebook.com/pg/Peace-Center-Food-Shelf-790535634306955/about/?ref=page_internal,Food Shelf,44.5470165,-93.5726098,https://www.hungersolutions.org/find-help/?fwp_categories=food-shelves&fwp_paged=19,2026-09-01,Directory coordinates within county boundary,Listed; operation not independently confirmed
18784,Scott,The Sanneh Foundation- Shakopee,Shakopee,"1053 Jefferson St S, Shakopee, MN 55379, USA",651-690-4855,https://thesannehfoundation.org/programs/nutritional-services/,Food Shelf,44.7869725,-93.5420866,https://www.hungersolutions.org/find-help/?fwp_categories=food-shelves&fwp_paged=26,2026-09-01,Directory coordinates within county boundary,Listed; operation not independently confirmed
9878,Sherburne,Becker Food Shelf,Becker,"13150 1st St, Becker, MN 55308, USA",763-275-0171,https://www.ci.becker.mn.us/Directory.aspx?DID=13,Food Shelf,45.4002781,-93.8839604,https://www.hungersolutions.org/find-help/?fwp_categories=food-shelves&fwp_paged=2,2026-09-01,Directory coordinates within county boundary,Listed; operation not independently confirmed
9881,Sherburne,Big Lake Community Food Shelf,Big Lake,"160 Lake Street North, Big Lake, MN 55309",763-263-2432,https://blcfs.org/,Food Shelf,45.333181,-93.745878,https://www.hungersolutions.org/find-help/?fwp_categories=food-shelves&fwp_paged=2,2026-09-01,Directory coordinates within county boundary,Listed; operation not independently confirmed
9891,Sherburne,CAER Food Shelf,Elk River,"12621 Elk Lake Rd. Elk River, MN 55330",763-441-1020,https://www.caerfoodshelf.org/food-shelf,Food Shelf,45.3206796,-93.589021,https://www.hungersolutions.org/find-help/?fwp_categories=food-shelves&fwp_paged=3,2026-09-01,Directory coordinates within county boundary,Listed; operation not independently confirmed
20218,Sherburne,Catholic Charities Mobile Food Shelf – River Heights,St. Cloud,"1312 Lincoln Ave SE, St. Cloud, MN 56304, USA",,https://www.ccstcloud.org/food-services#FoodShelf,Food Shelf,45.5566213,-94.1343873,https://www.hungersolutions.org/find-help/?fwp_categories=food-shelves&fwp_paged=4,2026-09-01,Directory coordinates within county boundary,Listed; operation not independently confirmed
13240,Sherburne,Passing the Bread Food Distribution,Zimmerman,"26833 5th St W, Zimmerman, MN 55398, USA",763 568-5114,https://www.passingthebread.com/,Food Shelf,45.4565954,-93.5947512,https://www.hungersolutions.org/find-help/?fwp_categories=food-shelves&fwp_paged=19,2026-09-01,Directory coordinates within county boundary,Listed; operation not independently confirmed
10189,Sibley,Sibley County Food Share,Gaylord,"111 Industrial Ave South, Gaylord, MN 55334",507-237-5253,http://sibleycountyfoodshare.org/home.aspx,Food Shelf,44.548576,-94.222077,https://www.hungersolutions.org/find-help/?fwp_categories=food-shelves&fwp_paged=23,2026-09-01,Directory coordinates within county boundary,Listed; operation not independently confirmed
13394,St. Louis,AEOA – Proctor Food Shelf,Proctor,"100 Pionk Dr, Proctor, MN 55810, USA",218-628-6288 or 218-624-7558,https://www.aeoa.org/food-shelves,Food Shelf,46.7426597,-92.2261805,https://www.hungersolutions.org/find-help/?fwp_categories=food-shelves&fwp_paged=1,2026-09-01,Directory coordinates within county boundary,Listed; operation not independently confirmed
20040,St. Louis,Aurora Food Shelf,Aurora,"203 S 2nd St E, Aurora, MN, USA",218-248-0216,https://www.aeoa.org/food-shelves,Food Shelf,47.5264456,-92.2341808,https://www.hungersolutions.org/find-help/?fwp_categories=food-shelves&fwp_paged=1,2026-09-01,Directory coordinates within county boundary,Listed; operation not independently confirmed
13398,St. Louis,Babbit Food Shelf,Babbitt,"Babbitt, MN, USA",218-827-2166,https://www.aeoa.org/senior-services/food-and-clothing-shelves,Food Shelf,47.7085278,-91.9446025,https://www.hungersolutions.org/find-help/?fwp_categories=food-shelves&fwp_paged=2,2026-09-01,Directory coordinates within county boundary,Listed; operation not independently confirmed
15889,St. Louis,Bois Forte Community Food Shelf,Nett Lake,"5316 St Mary Dr, Orr, Nett Lake, MN, USA",218-757-3504,https://boisforte.com/services/community-wellness/food-distribution/,Food Shelf,48.1140173,-93.0954909,https://www.hungersolutions.org/find-help/?fwp_categories=food-shelves&fwp_paged=2,2026-09-01,Directory coordinates within county boundary,Listed; operation not independently confirmed
9919,St. Louis,CHUM Food Shelf,Duluth,"120 N First Ave W, Duluth, MN 55802",218-727-2391,https://www.chumduluth.org/foodshelf,Food Shelf,46.786825,-92.100719,https://www.hungersolutions.org/find-help/?fwp_categories=food-shelves&fwp_paged=4,2026-09-01,Directory coordinates within county boundary,Listed; operation not independently confirmed
9920,St. Louis,CHUM Food Shelf West,Duluth,"4831 Grand Ave (Our Savior's Lutheran Church), Duluth, MN 55807",218-624-0333,https://www.chumduluth.org/foodshelf,Food Shelf,46.743908,-92.162202,https://www.hungersolutions.org/find-help/?fwp_categories=food-shelves&fwp_paged=4,2026-09-01,Directory coordinates within county boundary,Listed; operation not independently confirmed
9917,St. Louis,Chisholm Food Shelf,Chisholm,"208 W Lake St, Chisholm, MN 55719",218-254-0045,https://www.facebook.com/p/Chisholm-Food-Shelf-100064668642922/,Food Shelf,47.4893142,-92.8825588,https://www.hungersolutions.org/find-help/?fwp_categories=food-shelves&fwp_paged=4,2026-09-01,Directory coordinates within county boundary,Listed; operation not independently confirmed
9931,St. Louis,Cook Community Food Shelf,Cook,"124 5th Street SE, Cook, MN 55723",218-666-2715,https://northernlakesfoodbank.org/agencylocator/cook-community-food-shelf/,Food Shelf,47.85178,-92.679986,https://www.hungersolutions.org/find-help/?fwp_categories=food-shelves&fwp_paged=5,2026-09-01,Directory coordinates within county boundary,Listed; operation not independently confirmed
14535,St. Louis,Ely Area Food Shelf,Ely,"15 W Conan St, Ely, MN 55731, USA",(218) 235-8527,https://elyareafoodshelf.org/,Food Shelf,47.9006875,-91.8675802,https://www.hungersolutions.org/find-help/?fwp_categories=food-shelves&fwp_paged=6,2026-09-01,Directory coordinates within county boundary,Listed; operation not independently confirmed
9973,St. Louis,Floodwood Area Food Shelf,Floodwood,"601 Ash Street, Floodwood, MN 55736",218.340.9675,,Food Shelf,46.927854,-92.922007,https://www.hungersolutions.org/find-help/?fwp_categories=food-shelves&fwp_paged=7,2026-09-01,Directory coordinates within county boundary,Listed; operation not independently confirmed
9980,St. Louis,Fruit of the Vine Community Food Shelf–Duluth,Duluth,"1533 West Arrowhead Road, Duluth, MN 55811, USA",218-525-3462,https://duluthvineyard.org/ministries/fruit-of-the-vine/,Food Shelf,46.8222828,-92.1046335,https://www.hungersolutions.org/find-help/?fwp_categories=food-shelves&fwp_paged=9,2026-09-01,Directory coordinates within county boundary,Listed; operation not independently confirmed
10089,St. Louis,Neighborhood Family Center Food Shelf,Duluth,"2331 W 3rd Street, Duluth, MN 55806",218-727-9379,,Food Shelf,46.766774,-92.130401,https://www.hungersolutions.org/find-help/?fwp_categories=food-shelves&fwp_paged=16,2026-09-01,Directory coordinates within county boundary,Listed; operation not independently confirmed
10100,St. Louis,Norma’s Place-Range Mental Health,Hibbing,"3203 West 3rd Ave, Hibbing, MN 55746",218-263-9237 Ext. 307,,Food Shelf,47.413888,-92.94441,https://www.hungersolutions.org/find-help/?fwp_categories=food-shelves&fwp_paged=17,2026-09-01,Directory coordinates within county boundary,Listed; operation not independently confirmed
10134,St. Louis,Quad City Food Shelf,Virginia,"8367 Enterprise Dr N, Virginia, MN 55792, USA",218-749-1371,https://www.aeoa.org/food-shelves,Food Shelf,47.5200882,-92.5647891,https://www.hungersolutions.org/find-help/?fwp_categories=food-shelves&fwp_paged=20,2026-09-01,Directory coordinates within county boundary,Listed; operation not independently confirmed
10159,St. Louis,Salvation Army Duluth,Duluth,"215 S 27th Ave W, Duluth, MN 55806",218-722-7934,https://centralusa.salvationarmy.org/northern/Duluth/programs-and-services/,Food Shelf,46.75998,-92.129664,https://www.hungersolutions.org/find-help/?fwp_categories=food-shelves&fwp_paged=21,2026-09-01,Directory coordinates within county boundary,Listed; operation not independently confirmed
10165,St. Louis,Salvation Army Hibbing,Hibbing,"107 W Howard Street, Hibbing, MN 55746",218-263-5096,https://centralusa.salvationarmy.org/northern/Hibbing/programs-and-services/,Food Shelf,47.427318,-92.942216,https://www.hungersolutions.org/find-help/?fwp_categories=food-shelves&fwp_paged=21,2026-09-01,Directory coordinates within county boundary,Listed; operation not independently confirmed
10174,St. Louis,Salvation Army Virginia,Virginia,"507 12th Ave W, Virginia, MN 55792",218-741-1889,https://centralusa.salvationarmy.org/northern/Virginia/programs-and-services/,Food Shelf,47.519348,-92.552013,https://www.hungersolutions.org/find-help/?fwp_categories=food-shelves&fwp_paged=22,2026-09-01,Directory coordinates within county boundary,Listed; operation not independently confirmed
10005,St. Louis,Second Harvest Food Shelf (Hermantown),Duluth,"4503 Airpark Blvd, Duluth, MN 55811, USA",218-727-5653,https://northernlakesfoodbank.org/agencylocator/hermantown-food-shelf/,Food Shelf,46.8340743,-92.1698158,https://www.hungersolutions.org/find-help/?fwp_categories=food-shelves&fwp_paged=22,2026-09-01,Directory coordinates within county boundary,Listed; operation not independently confirmed
20611,St. Louis,Second Harvest Northland East Facility,Duluth,"2302 Commonwealth Avenue, Duluth, MN, USA",,https://secondharvestnorthland.org/find-food/food-shelf-program/,Food Shelf,46.6799757,-92.225383,https://www.hungersolutions.org/find-help/?fwp_categories=food-shelves&fwp_paged=22,2026-09-01,Directory coordinates within county boundary,Listed; operation not independently confirmed
10220,St. Louis,Tower Area Food Shelf,Tower,"302 Spruce St, Tower, MN 55790, USA",218-721-2368,https://www.aeoa.org/,Food Shelf,47.8061407,-92.2748001,https://www.hungersolutions.org/find-help/?fwp_categories=food-shelves&fwp_paged=26,2026-09-01,Directory coordinates within county boundary,Listed; operation not independently confirmed
10225,St. Louis,Union Gospel Mission,Duluth,"219 E 1st Street, Duluth, MN 55802",218-722-1196,https://www.duluth-ugm.org/,Food Shelf,46.78973,-92.09656,https://www.hungersolutions.org/find-help/?fwp_categories=food-shelves&fwp_paged=27,2026-09-01,Directory coordinates within county boundary,Listed; operation not independently confirmed
9865,Stearns,Albany Food Shelf,Albany,"741 Lake Ave, Albany, MN 56307, USA",320-845-2343,,Food Shelf,45.6338604,-94.5733619,https://www.hungersolutions.org/find-help/?fwp_categories=food-shelves&fwp_paged=1,2026-09-01,Directory coordinates within county boundary,Listed; operation not independently confirmed
9874,Stearns,Avon Food Shelf,Avon,"212 1st Street SW, Door #1, Avon, MN 56310",320-333-7897,,Food Shelf,45.6082923,-94.4533353,https://www.hungersolutions.org/find-help/?fwp_categories=food-shelves&fwp_paged=1,2026-09-01,Directory coordinates within county boundary,Listed; operation not independently confirmed
9887,Stearns,BBE Area Food Shelf,Brooten,"111 Pleasant Ave N, Brooten, MN 56316, USA",320-346-4193,https://www.belgrademn.com/index.asp?SEC=D13D97A5-81B8-4186-BB6A-C2FA43B3A1B0&DE=81DE6236-FA05-424D-A5E4-11FA02D37233,Food Shelf,45.501139,-95.1234393,https://www.hungersolutions.org/find-help/?fwp_categories=food-shelves&fwp_paged=2,2026-09-01,Directory coordinates within county boundary,Listed; operation not independently confirmed
9899,Stearns,Catholic Charities Emergency Services Food Shelf – St. Cloud,St. Cloud,"157 Roosevelt Road, Suite 100, St. Cloud, MN 56301",(320) 229-4560,https://www.ccstcloud.org/services/emergency/food-shelf#Location,Food Shelf,45.54976,-94.188775,https://www.hungersolutions.org/find-help/?fwp_categories=food-shelves&fwp_paged=3,2026-09-01,Directory coordinates within county boundary,Listed; operation not independently confirmed
9900,Stearns,Catholic Charities Mobile Food Shelf – Al Loehr,St. Cloud,"4055 12th Street N, St. Cloud, MN 56303",320-229-4560,,Food Shelf,45.573983,-94.207764,https://www.hungersolutions.org/find-help/?fwp_categories=food-shelves&fwp_paged=3,2026-09-01,Directory coordinates within county boundary,Listed; operation not independently confirmed
9901,Stearns,Catholic Charities Mobile Food Shelf – Empire Apartments,St. Cloud,"54 N 4th Ave, St. Cloud, MN 56303",,,Food Shelf,45.562783,-94.158438,https://www.hungersolutions.org/find-help/?fwp_categories=food-shelves&fwp_paged=3,2026-09-01,Directory coordinates within county boundary,Listed; operation not independently confirmed
9903,Stearns,Catholic Charities Mobile Food Shelf – Grace McDowall,St. Cloud,"1525 Northway Drive, St. Cloud, MN 56303",320-229-4560,,Food Shelf,45.579684,-94.182248,https://www.hungersolutions.org/find-help/?fwp_categories=food-shelves&fwp_paged=3,2026-09-01,Directory coordinates within county boundary,Listed; operation not independently confirmed
9904,Stearns,Catholic Charities Mobile Food Shelf – Hope on 9th,St. Cloud,"525 9th Ave N, St. Cloud, MN 56303",320-229-4560,,Food Shelf,45.56456,-94.167897,https://www.hungersolutions.org/find-help/?fwp_categories=food-shelves&fwp_paged=3,2026-09-01,Directory coordinates within county boundary,Listed; operation not independently confirmed
15650,Stearns,Catholic Charities Mobile Food Shelf – Linden Grove,St. Cloud,"4105 12th St N, St. Cloud, MN 56303, USA",320-229-4560,,Food Shelf,45.573577,-94.2090481,https://www.hungersolutions.org/find-help/?fwp_categories=food-shelves&fwp_paged=4,2026-09-01,Directory coordinates within county boundary,Listed; operation not independently confirmed
9923,Stearns,Clearwater-Clear Lake Emergency Food Shelf,Clearwater,"1170 County Road 75, Clearwater, MN 55320, USA",(320) 558-2954,https://www.clearwatercity.com/?SEC=4432FC24-BCB5-474D-94C2-E147C4BB4652,Food Shelf,45.4241612,-94.0528762,https://www.hungersolutions.org/find-help/?fwp_categories=food-shelves&fwp_paged=4,2026-09-01,Directory coordinates within county boundary,Listed; operation not independently confirmed
9948,Stearns,Eden Valley Food Shelf,Eden Valley,"556 Brooks Street N, Eden Valley, MN 55329",320-453-3700,,Food Shelf,45.327721,-94.545245,https://www.hungersolutions.org/find-help/?fwp_categories=food-shelves&fwp_paged=6,2026-09-01,Directory coordinates within county boundary,Listed; operation not independently confirmed
10011,Stearns,Holdingford Area Food Shelf,Holdingford,"420 Main Street, City Hall, Holdingford, MN 56340",320-746-2637,,Food Shelf,45.7291111,-94.4754243,https://www.hungersolutions.org/find-help/?fwp_categories=food-shelves&fwp_paged=11,2026-09-01,Directory coordinates within county boundary,Listed; operation not independently confirmed
20850,Stearns,Hope for the Community- St. Cloud State University,St. Cloud,"720 4th Ave S, St. Cloud, MN 56301, USA",,https://hopeforthecommunity.com/,Food Shelf,45.5533497,-94.1493293,https://www.hungersolutions.org/find-help/?fwp_categories=food-shelves&fwp_paged=12,2026-09-01,Directory coordinates within county boundary,Listed; operation not independently confirmed
10039,Stearns,Kimball Area Food Shelf,Kimball,"441 Hazel Avenue East, Kimball, MN 55353, USA",320-398-3415,https://kimballfoodshelf.com/,Food Shelf,45.3133677,-94.29421860000002,https://www.hungersolutions.org/find-help/?fwp_categories=food-shelves&fwp_paged=13,2026-09-01,Directory coordinates within county boundary,Listed; operation not independently confirmed
10072,Stearns,Melrose Area Food Shelf,Melrose,"255 Country Club Rd, Melrose, MN 56352, USA",320-256-2555,,Food Shelf,45.6668153,-94.8181925,https://www.hungersolutions.org/find-help/?fwp_categories=food-shelves&fwp_paged=15,2026-09-01,Directory coordinates within county boundary,Listed; operation not independently confirmed
10117,Stearns,Paynesville Community Service Center Food Shelf,Paynesville,"110 Lake Ave, Paynesville, MN 56362",320-243-4953,,Food Shelf,45.384926,-94.711906,https://www.hungersolutions.org/find-help/?fwp_categories=food-shelves&fwp_paged=19,2026-09-01,Directory coordinates within county boundary,Listed; operation not independently confirmed
10149,Stearns,ROCORI Area Food Shelf,Cold Spring,"217 Main Street, Cold Spring, MN 56320",320-685-8785,http://rocoriareafoodshelf.org/,Food Shelf,45.4558595,-94.426109,https://www.hungersolutions.org/find-help/?fwp_categories=food-shelves&fwp_paged=21,2026-09-01,Directory coordinates within county boundary,Listed; operation not independently confirmed
10144,Stearns,Rice Area Food Shelf,Rice,"30 Main St E Old Village Hall Rice, MN, 56367",320-393-2915,,Food Shelf,45.7025701,-94.2740391,https://www.hungersolutions.org/find-help/?fwp_categories=food-shelves&fwp_paged=20,2026-09-01,Directory coordinates within county boundary,Listed; operation not independently confirmed
10176,Stearns,Sauk Centre Food Shelf,Sauk Centre,"523 Sinclair Lewis Ave, Sauk Centre, MN 56378",320-351-2287,https://www.communityconnectionsaukcentre.com/food-shelf,Food Shelf,45.737134,-94.952318,https://www.hungersolutions.org/find-help/?fwp_categories=food-shelves&fwp_paged=22,2026-09-01,Directory coordinates within county boundary,Listed; operation not independently confirmed
20980,Steele,Community Pathways,Owatonna,"155 Oakdale Street, Owatonna, MN, USA",(507) 455-2991,https://www.communitypathwayssc.org/,Food Shelf,44.0647355,-93.2285686,https://www.hungersolutions.org/find-help/?fwp_categories=food-shelves&fwp_paged=5,2026-09-01,Directory coordinates within county boundary,Listed; operation not independently confirmed
9951,Steele,Ellendale Area Food Shelf,Ellendale,"200 6th Street, Ellendale, MN 56026",507-684-2731,https://www.ellendalemn.com/food-shelf,Food Shelf,43.8750368,-93.3062908,https://www.hungersolutions.org/find-help/?fwp_categories=food-shelves&fwp_paged=6,2026-09-01,Directory coordinates within county boundary,Listed; operation not independently confirmed
18701,Steele,Our Saviors Lutheran Church Owatonna,Owatonna,"1909 St Paul Rd, Owatonna, MN, USA",507-451-4853,,Food Shelf,44.1035389,-93.2157139,https://www.hungersolutions.org/find-help/?fwp_categories=food-shelves&fwp_paged=18,2026-09-01,Directory coordinates within county boundary,Listed; operation not independently confirmed
10205,Steele,Steele County Food Shelf,Owatonna,"155 Oakdale Street Suite A, Owatonna, MN 55060",507-455-2991,https://www.communitypathwayssc.org/,Food Shelf,44.064944,-93.227688,https://www.hungersolutions.org/find-help/?fwp_categories=food-shelves&fwp_paged=24,2026-09-01,Directory coordinates within county boundary,Listed; operation not independently confirmed
10207,Stevens,Stevens County Food Shelf,Morris,"701 Iowa Ave, Morris, MN 56267",320-589-7436,https://www.foodshelfstevenscounty.com/,Food Shelf,45.593952,-95.902708,https://www.hungersolutions.org/find-help/?fwp_categories=food-shelves&fwp_paged=24,2026-09-01,Directory coordinates within county boundary,Listed; operation not independently confirmed
18717,Swift,Appleton Satellite Food Shelf,Appleton,"323 W Schlieman Ave, Appleton, MN 56208, USA",320-289-2216,https://prairiefive.org/programs/food-programs/,Food Shelf,45.2002825,-96.0215506,https://www.hungersolutions.org/find-help/?fwp_categories=food-shelves&fwp_paged=1,2026-09-01,Directory coordinates within county boundary,Listed; operation not independently confirmed
10209,Swift,Swift County Food Shelf,Benson,"1214 Atlantic Avenue, Benson, MN 56215, USA",320-842-8565,https://prairiefive.org/programs/food-programs/,Food Shelf,45.3146046,-95.5989505,https://www.hungersolutions.org/find-help/?fwp_categories=food-shelves&fwp_paged=24,2026-09-01,Directory coordinates within county boundary,Listed; operation not independently confirmed
9888,Todd,Browerville Area Food Shelf,Browerville,"704 North Main Street Browerville, MN 56438",320-266-8863,https://www.facebook.com/food4others/,Food Shelf,46.086393,-94.8677429,https://www.hungersolutions.org/find-help/?fwp_categories=food-shelves&fwp_paged=3,2026-09-01,Directory coordinates within county boundary,Listed; operation not independently confirmed
10057,Todd,Long Prairie Emergency Food Pantry,Long Prairie,"127 Central Ave, Long Prairie, MN 56347",320-732-0979,https://www.facebook.com/kris.LPfoodpantry/,Food Shelf,45.974192,-94.863315,https://www.hungersolutions.org/find-help/?fwp_categories=food-shelves&fwp_paged=14,2026-09-01,Directory coordinates within county boundary,Listed; operation not independently confirmed
10204,Todd,Staples Area Food Shelf,Staples,"402 Wisconsin Ave SE, Staples, MN 56479",218-894-1041,https://www.facebook.com/people/Staples-Area-Food-Shelf/100069463132085/#,Food Shelf,46.3526172,-94.7948538,https://www.hungersolutions.org/find-help/?fwp_categories=food-shelves&fwp_paged=24,2026-09-01,Directory coordinates within county boundary,Listed; operation not independently confirmed
9889,Traverse,Browns Valley Food Shelf,Browns Valley,"106 4th St S, Browns Valley, MN 56219, USA",320-695-2110,https://brownsvalleyfoodshelf.org/,Food Shelf,45.594005,-96.8336804,https://www.hungersolutions.org/find-help/?fwp_categories=food-shelves&fwp_paged=3,2026-09-01,Directory coordinates within county boundary,Listed; operation not independently confirmed
10221,Traverse,Traverse County Food Shelf,Wheaton,"15 10th St S, Wheaton, MN, USA",320-422-7777,,Food Shelf,45.804211,-96.4967358,https://www.hungersolutions.org/find-help/?fwp_categories=food-shelves&fwp_paged=26,2026-09-01,Directory coordinates within county boundary,Listed; operation not independently confirmed
10250,Traverse,Wheaton Community Food Shelf,Wheaton,"First Presbyterian Church
905 2nd Ave S, Wheaton, MN 56296",320-563-8555,,Food Shelf,45.8044052,-96.499233,https://www.hungersolutions.org/find-help/?fwp_categories=food-shelves&fwp_paged=28,2026-09-01,Directory coordinates within county boundary,Listed; operation not independently confirmed
10046,Wabasha,Lake City Food Shelf,Lake City,"600 South 8th Street, Lake City, MN 55041, USA",651-345-5888,https://lakecityfoodshelf.org/,Food Shelf,44.440357,-92.267948,https://www.hungersolutions.org/find-help/?fwp_categories=food-shelves&fwp_paged=13,2026-09-01,Directory coordinates within county boundary,Listed; operation not independently confirmed
10067,Wabasha,Mazeppa Area Food Shelf,Mazeppa,"239 1st Avenue North, Mazeppa, MN 55956, USA",507-273-3323,,Food Shelf,44.2734495,-92.5468211,https://www.hungersolutions.org/find-help/?fwp_categories=food-shelves&fwp_paged=15,2026-09-01,Directory coordinates within county boundary,Listed; operation not independently confirmed
10127,Wabasha,Plainview-Elgin Area Food Shelf,Elgin,"25 Main St W, Elgin, MN 55932, USA",507-876-0112,https://www.facebook.com/PlainviewElginFoodShelf/,Food Shelf,44.1306679,-92.2541736,https://www.hungersolutions.org/find-help/?fwp_categories=food-shelves&fwp_paged=19,2026-09-01,Directory coordinates within county boundary,Listed; operation not independently confirmed
10237,Wabasha,Wabasha Area Food Share,Wabasha,"611 Broadway Ave, Wabasha, MN 55981, USA",651-565-5667,https://wabashafood.com/,Food Shelf,44.3793205,-92.0279473,https://www.hungersolutions.org/find-help/?fwp_categories=food-shelves&fwp_paged=27,2026-09-01,Directory coordinates within county boundary,Listed; operation not independently confirmed
13206,Wabasha,Zumbro Valley Food Shelf,Zumbro Falls,"56817 Hwy 63 Zumbro Falls, MN 55991",507-259-1442,https://southtroywesleyan.org/food-shelf,Food Shelf,44.2057212,-92.4333214,https://www.hungersolutions.org/find-help/?fwp_categories=food-shelves&fwp_paged=28,2026-09-01,Directory coordinates within county boundary,Listed; operation not independently confirmed
10073,Wadena,Menahga Food Shelf,Menahga,"120 1st NE, Menahga, MN 56464",218-564-6143,https://www.facebook.com/Menahga-Area-Food-Shelf-746010519146724/,Food Shelf,46.755502,-95.096949,https://www.hungersolutions.org/find-help/?fwp_categories=food-shelves&fwp_paged=15,2026-09-01,Directory coordinates within county boundary,Listed; operation not independently confirmed
10132,Wadena,Project Share of Wadena,Wadena,"205 Aldrich Ave SE, Wadena, MN 56482, USA",218-632-5335,,Food Shelf,46.4398482,-95.1341577,https://www.hungersolutions.org/find-help/?fwp_categories=food-shelves&fwp_paged=20,2026-09-01,Directory coordinates within county boundary,Listed; operation not independently confirmed
10177,Wadena,Sebeka Food Shelf,Sebeka,"100 S Jefferson, Sebeka, MN 56477",218-472-3288,https://www.wcta.net/sebeka-food-shelf/,Food Shelf,46.628448,-95.089352,https://www.hungersolutions.org/find-help/?fwp_categories=food-shelves&fwp_paged=22,2026-09-01,Directory coordinates within county boundary,Listed; operation not independently confirmed
10233,Wadena,Verndale Area Food Shelf,Verndale,"402 NE Clark Drive, Verndale, MN 56481",218-451-9768,https://sites.google.com/view/verndaleareafoodshelf/home,Food Shelf,46.3977558,-95.0061252,https://www.hungersolutions.org/find-help/?fwp_categories=food-shelves&fwp_paged=27,2026-09-01,Directory coordinates within county boundary,Listed; operation not independently confirmed
10096,Waseca,Area Food Shelf of New Richland,New Richland,"101 South Broadway, New Richland, MN 56072",507-463-3421,https://www.cityofnewrichlandmn.com/?SEC=B683E2AA-3FE5-4B02-900B-7673D1F186EA,Food Shelf,43.8937283,-93.4934958,https://www.hungersolutions.org/find-help/?fwp_categories=food-shelves&fwp_paged=1,2026-09-01,Directory coordinates within county boundary,Listed; operation not independently confirmed
10027,Waseca,Janesville Community Food Shelf,Janesville,"412 North Main Street, Janesville, MN 56048, USA",507-521-1107,,Food Shelf,44.1192146,-93.7078952,https://www.hungersolutions.org/find-help/?fwp_categories=food-shelves&fwp_paged=13,2026-09-01,Directory coordinates within county boundary,Listed; operation not independently confirmed
10244,Waseca,Waseca Area Food Shelf,Waseca,"203 3rd Avenue Northwest, Waseca, MN 56093, USA",507-833-4119 Ext 302,https://www.wasecaareaneighborhoodservicecenter.com/,Food Shelf,44.0793423,-93.5091111,https://www.hungersolutions.org/find-help/?fwp_categories=food-shelves&fwp_paged=28,2026-09-01,Directory coordinates within county boundary,Listed; operation not independently confirmed
19894,Washington,Basic Needs Food Market,Cottage Grove,"8475 East Point Douglas Road ste 106, Cottage Grove, MN 55016, USA",612-489-6192,https://www.basicneedsmn.org/food-market,Food Shelf,44.8169694,-92.9334761,https://www.hungersolutions.org/find-help/?fwp_categories=food-shelves&fwp_paged=2,2026-09-01,Directory coordinates within county boundary,Listed; operation not independently confirmed
9912,Washington,Century College Food Pantry,White Bear Lake,"Century College
3300 Century Ave N, White Bear Lake, MN 55110",651-779-3338,,Food Shelf,45.0415774,-92.9823488,https://www.hungersolutions.org/find-help/?fwp_categories=food-shelves&fwp_paged=4,2026-09-01,Directory coordinates within county boundary,Listed; operation not independently confirmed
18776,Washington,Cimmaron Food Distribution,Lake Elmo,"901 Lake Elmo Ave N, Lake Elmo, MN 55042, USA",651-233-1296,https://opencupboard.org/needhelp/mobile-food-shelf-program/,Food Shelf,44.961638,-92.8816386,https://www.hungersolutions.org/find-help/?fwp_categories=food-shelves&fwp_paged=4,2026-09-01,Directory coordinates within county boundary,Listed; operation not independently confirmed
9929,Washington,Community Helping Hand Food Shelf,Forest Lake,"408 15th Street SW, Forest Lake, MN 55025",651) 464-0061,,Food Shelf,45.274827,-93.00375,https://www.hungersolutions.org/find-help/?fwp_categories=food-shelves&fwp_paged=5,2026-09-01,Directory coordinates within county boundary,Listed; operation not independently confirmed
10319,Washington,Community Resource Center of St. Andrew’s,Mahtomedi,"900 Stillwater Road, Mahtomedi, MN 55115",651.762.9124,https://saintandrews.org/community-resource-center/,Food Shelf,45.0582612,-92.948085,https://www.hungersolutions.org/find-help/?fwp_categories=food-shelves&fwp_paged=5,2026-09-01,Directory coordinates within county boundary,Listed; operation not independently confirmed
9950,Washington,Elim-Scandia-Marine Food Shelf,Scandia,"14781 Oakhill Road North, Scandia, MN 55073",651-433-2723,,Food Shelf,45.253167,-92.805572,https://www.hungersolutions.org/find-help/?fwp_categories=food-shelves&fwp_paged=6,2026-09-01,Directory coordinates within county boundary,Listed; operation not independently confirmed
9959,Washington,Family Pathways Forest Lake Food Shelf,Forest Lake,"935 Lake Street South, Forest Lake, MN 55025, USA",651-464-2098,https://www.familypathways.org/get-help/make-appointment/food-shelf-appointments/,Food Shelf,45.270183,-92.982733,https://www.hungersolutions.org/find-help/?fwp_categories=food-shelves&fwp_paged=7,2026-09-01,Directory coordinates within county boundary,Listed; operation not independently confirmed
18994,Washington,Food Shelf In-A-Box at Castle Elementary,Oakdale,"6675 50th St N, Oakdale, MN 55128, USA",,https://www.goodinthehood.org/our-programs/food-programs/,Food Shelf,45.0202442,-92.9703522,https://www.hungersolutions.org/find-help/?fwp_categories=food-shelves&fwp_paged=8,2026-09-01,Directory coordinates within county boundary,Listed; operation not independently confirmed
9979,Washington,Friends In Need Food Shelf,St. Paul Park,"535 4th Street, St. Paul Park, MN 55071",651-458-0730,https://www.finfood.org/,Food Shelf,44.8484127,-92.9960485,https://www.hungersolutions.org/find-help/?fwp_categories=food-shelves&fwp_paged=9,2026-09-01,Directory coordinates within county boundary,Listed; operation not independently confirmed
10017,Washington,Hugo Good Neighbors Food Shelf,Hugo,"15106 Francesca Ave North, Hugo, MN 55038",651-528-6224,https://www.hugofoodshelf.org/,Food Shelf,45.160891,-92.994738,https://www.hungersolutions.org/find-help/?fwp_categories=food-shelves&fwp_paged=12,2026-09-01,Directory coordinates within county boundary,Listed; operation not independently confirmed
18775,Washington,Landfall Food Distribution (Open Cupboard),Landfall,"Landfall Community Center, 4 4th Ave, Landfall, MN 55128, USA",,https://opencupboard.org/needhelp/mobile-food-shelf-program/,Food Shelf,44.951169,-92.9779967,https://www.hungersolutions.org/find-help/?fwp_categories=food-shelves&fwp_paged=14,2026-09-01,Directory coordinates within county boundary,Listed; operation not independently confirmed
10062,Washington,Mahtomedi Area Food Shelf,Mahtomedi,"700 Mahtomedi Ave, Mahtomedi, MN 55115",651-395-5350,https://www.stjudeofthelake.org/mahtomedi-area-food-shelf/,Food Shelf,45.063834,-92.95782,https://www.hungersolutions.org/find-help/?fwp_categories=food-shelves&fwp_paged=14,2026-09-01,Directory coordinates within county boundary,Listed; operation not independently confirmed
9918,Washington,Open Cupboard,Oakdale,"8264 4th St N, Oakdale, MN 55128, USA",651-233-1296,https://opencupboard.org/,Food Shelf,44.9504915,-92.9394102,https://www.hungersolutions.org/find-help/?fwp_categories=food-shelves&fwp_paged=18,2026-09-01,Directory coordinates within county boundary,Listed; operation not independently confirmed
14687,Washington,St. Andrew’s Community Resource Center,Mahtomedi,"900 Stillwater Road, Mahtomedi, MN, USA",651-762-9124,,Food Shelf,45.0581147,-92.9479704,https://www.hungersolutions.org/find-help/?fwp_categories=food-shelves&fwp_paged=24,2026-09-01,Directory coordinates within county boundary,Listed; operation not independently confirmed
10201,Washington,St. Michael’s Food Shelf,Stillwater,"611 S 3rd Street, Stillwater, MN 55082",651-439-3241,,Food Shelf,45.050864,-92.806636,https://www.hungersolutions.org/find-help/?fwp_categories=food-shelves&fwp_paged=24,2026-09-01,Directory coordinates within county boundary,Listed; operation not independently confirmed
17904,Washington,Today’s Harvest,Oakdale,"8264 4th St N, Oakdale, MN, USA",651-409-1005,https://www.todaysharvestmn.org/,Food Shelf,44.9506639,-92.9393302,https://www.hungersolutions.org/find-help/?fwp_categories=food-shelves&fwp_paged=26,2026-09-01,Directory coordinates within county boundary,Listed; operation not independently confirmed
10228,Washington,Valley Outreach-Stillwater,Stillwater,"1911 Curve Crest Blvd. West, Stillwater, MN 55082",651-430-2739,https://valleyoutreachmn.org/food-shelf/,Food Shelf,45.040194,-92.831839,https://www.hungersolutions.org/find-help/?fwp_categories=food-shelves&fwp_paged=27,2026-09-01,Directory coordinates within county boundary,Listed; operation not independently confirmed
14167,Watonwan,Madelia Community Food Shelf,Madelia,"423 Dill Ave SW, Madelia, MN, USA",,https://www.facebook.com/madeliacommunityfoodshelf/,Food Shelf,44.0459374,-94.4229113,https://www.hungersolutions.org/find-help/?fwp_categories=food-shelves&fwp_paged=14,2026-09-01,Directory coordinates within county boundary,Listed; operation not independently confirmed
10245,Watonwan,Watonwan County Food Shelf,St James,"113 7th St S, St James, MN 56081, USA",507-621-4264,https://sites.google.com/wcfoodshelf.org/wcfoodshelf/home,Food Shelf,43.9820503,-94.6264327,https://www.hungersolutions.org/find-help/?fwp_categories=food-shelves&fwp_paged=28,2026-09-01,Directory coordinates within county boundary,Listed; operation not independently confirmed
10196,Winona,Hometown Resource Center (St. Charles Food Shelf),St Charles,"1244 Whitewater Ave, St Charles, MN 55972, USA",(507) 932-8056,https://hometownrc.org/food-shelf-eligibility/,Food Shelf,43.9664503,-92.06510270000001,https://www.hungersolutions.org/find-help/?fwp_categories=food-shelves&fwp_paged=11,2026-09-01,Directory coordinates within county boundary,Listed; operation not independently confirmed
10253,Winona,Winona Volunteer Services Food Shelf,Winona,"402 E 2nd St, Winona, MN 55987, USA",507-452-5591 ext.14,https://www.winonavs.org/client-services/food-shelf/,Food Shelf,44.0509501,-91.6262557,https://www.hungersolutions.org/find-help/?fwp_categories=food-shelves&fwp_paged=28,2026-09-01,Directory coordinates within county boundary,Listed; operation not independently confirmed
9871,Wright,Annandale Community Food Shelf,Annandale,"390 Annandale Blvd, Annandale, MN 55302",320-274-3663,http://www.annandalefoodshelf.org/,Food Shelf,45.263766,-94.123077,https://www.hungersolutions.org/find-help/?fwp_categories=food-shelves&fwp_paged=1,2026-09-01,Directory coordinates within county boundary,Listed; operation not independently confirmed
9890,Wright,Buffalo Food Shelf,Buffalo,"301 12th Ave S, Buffalo, MN 55313",763-684-1699,https://buffalofoodshelf.com/,Food Shelf,45.167982,-93.853508,https://www.hungersolutions.org/find-help/?fwp_categories=food-shelves&fwp_paged=3,2026-09-01,Directory coordinates within county boundary,Listed; operation not independently confirmed
12956,Wright,Cokato Food Shelf,Cokato,"395 Broadway Ave S, Cokato, Minnesota, USA",320-333-7877,https://www.facebook.com/pg/CokatoFoodShelf,Food Shelf,45.07542579999999,-94.1898893,https://www.hungersolutions.org/find-help/?fwp_categories=food-shelves&fwp_paged=5,2026-09-01,Directory coordinates within county boundary,Listed; operation not independently confirmed
9940,Wright,Delano Helping Hands,Delano,"221 2nd Street North, Delano, MN, USA",763) 972-4455,https://delanohelpinghands.org/,Food Shelf,45.042408,-93.788172,https://www.hungersolutions.org/find-help/?fwp_categories=food-shelves&fwp_paged=6,2026-09-01,Directory coordinates within county boundary,Listed; operation not independently confirmed
9998,Wright,Hanover Area Food Shelf,Hanover,"11024 Church Street NE, Hanover, MN 55341",763-498-0086,https://www.hanoverareafoodshelf.org/,Food Shelf,45.155977,-93.665658,https://www.hungersolutions.org/find-help/?fwp_categories=food-shelves&fwp_paged=10,2026-09-01,Directory coordinates within county boundary,Listed; operation not independently confirmed
10080,Wright,Monticello Help Center,Monticello,"224 West 3rd Street, Monticello, MN, USA",763-295-4031,https://monticellohelpcenter.org/,Food Shelf,45.3054734,-93.7974249,https://www.hungersolutions.org/find-help/?fwp_categories=food-shelves&fwp_paged=16,2026-09-01,Directory coordinates within county boundary,Listed; operation not independently confirmed
10256,Wright,Wright County Community Action Food Shelf,Waverly,"411 Elm Ave, Waverly, MN 55390",320-963-6500 EXT 231,https://www.wccaweb.com/Program/Food_Shelf,Food Shelf,45.0670266,-93.9677187,https://www.hungersolutions.org/find-help/?fwp_categories=food-shelves&fwp_paged=28,2026-09-01,Directory coordinates within county boundary,Listed; operation not independently confirmed
9894,Yellow Medicine,Canby Food Shelf,Canby,"106 St. Olaf Ave North, Canby, MN 56220",507-223-5471,https://prairiefive.org/programs/food-programs/,Food Shelf,44.708739,-96.276399,https://www.hungersolutions.org/find-help/?fwp_categories=food-shelves&fwp_paged=3,2026-09-01,Directory coordinates within county boundary,Listed; operation not independently confirmed
10092,Yellow Medicine,Neighbors United Resource Center Food Shelf,Granite Falls,"841 2nd St, Granite Falls, MN 56241, USA",320-841-0897,https://www.facebook.com/NeighborsUnitedFoodShelf/,Food Shelf,44.8100542,-95.5401806,https://www.hungersolutions.org/find-help/?fwp_categories=food-shelves&fwp_paged=17,2026-09-01,Directory coordinates within county boundary,Listed; operation not independently confirmed
